pvz_id,marketplace,district,okrug,lat,lon,daily_orders
АРБ-001,Ozon,Арбат,ЦАО,55.75986783819305,37.605608275884926,51
АРБ-002,Lamoda,Арбат,ЦАО,55.75239650868138,37.59052658818011,119
АРБ-003,Wildberries,Арбат,ЦАО,55.76141519954172,37.603655002513385,122
БАС-001,Wildberries,Басманный,ЦАО,55.77032235592254,37.652203356063794,132
БАС-002,Ozon,Басманный,ЦАО,55.77525364743121,37.661915754686554,113
БАС-003,Ozon,Басманный,ЦАО,55.77938273987961,37.66066051183356,105
БАС-004,Ozon,Басманный,ЦАО,55.77109995404216,37.66690019439076,134
БАС-005,Wildberries,Басманный,ЦАО,55.790412015025964,37.65763788542178,102
БАС-006,Ozon,Басманный,ЦАО,55.77210399688642,37.676062533131045,116
БАС-007,Wildberries,Басманный,ЦАО,55.754818469227224,37.670321979072284,146
БАС-008,Wildberries,Басманный,ЦАО,55.75065790177116,37.66903271683805,96
БАС-009,Wildberries,Басманный,ЦАО,55.766112473525205,37.66513912877914,150
БАС-010,Ozon,Басманный,ЦАО,55.77285920657238,37.66332581445226,130
БАС-011,Wildberries,Басманный,ЦАО,55.74722637397725,37.65867881102211,103
БАС-012,Wildberries,Басманный,ЦАО,55.761410536800796,37.680454161353204,89
БАС-013,Wildberries,Басманный,ЦАО,55.744517806556125,37.65849624525856,125
БАС-014,Wildberries,Басманный,ЦАО,55.77324696277303,37.67203503244079,107
БАС-015,Ozon,Басманный,ЦАО,55.7750079543906,37.66021921371981,75
ЗАМ-001,Ozon,Замоскворечье,ЦАО,55.738105945094084,37.63203145432159,144
ЗАМ-002,Wildberries,Замоскворечье,ЦАО,55.73404249245836,37.63782943021635,109
ЗАМ-003,Wildberries,Замоскворечье,ЦАО,55.72419690487264,37.62596569932996,106
ЗАМ-004,Wildberries,Замоскворечье,ЦАО,55.737983685934864,37.62468951740631,120
ЗАМ-005,Ozon,Замоскворечье,ЦАО,55.7374983902778,37.638306966796414,116
ЗАМ-006,Ozon,Замоскворечье,ЦАО,55.73118339763456,37.61007433228124,69
КРА-001,Ozon,Красносельский,ЦАО,55.7600409643702,37.652119429076826,88
КРА-002,Ozon,Красносельский,ЦАО,55.787598665874846,37.64304697070341,145
КРА-003,Ozon,Красносельский,ЦАО,55.769542675607,37.63592187369722,108
КРА-004,Wildberries,Красносельский,ЦАО,55.75128008122311,37.6525352220787,128
КРА-005,Ozon,Красносельский,ЦАО,55.75465523204875,37.64818769244871,101
МЕЩ-001,Wildberries,Мещанский,ЦАО,55.79513326773547,37.623088791381235,84
МЕЩ-002,Ozon,Мещанский,ЦАО,55.77855188124728,37.64227130981379,149
МЕЩ-003,Ozon,Мещанский,ЦАО,55.79347155573426,37.61169590225904,97
МЕЩ-004,Lamoda,Мещанский,ЦАО,55.771234203401754,37.60944082514023,142
МЕЩ-005,Ozon,Мещанский,ЦАО,55.75826224550559,37.61377410993642,130
МЕЩ-006,Ozon,Мещанский,ЦАО,55.79987269173992,37.660927408503,134
МЕЩ-007,Wildberries,Мещанский,ЦАО,55.75032736567085,37.62917359645903,91
МЕЩ-008,Wildberries,Мещанский,ЦАО,55.768566759450906,37.62427156827391,157
ПРЕ-001,Lamoda,Пресненский,ЦАО,55.76002935404223,37.569822622716764,61
ПРЕ-002,Wildberries,Пресненский,ЦАО,55.76128758147688,37.603465626713636,124
ПРЕ-003,Ozon,Пресненский,ЦАО,55.75594142490423,37.56803114255367,86
ПРЕ-004,Wildberries,Пресненский,ЦАО,55.78747460887592,37.57239382759998,149
ПРЕ-005,Ozon,Пресненский,ЦАО,55.773111848241186,37.58686987934394,114
ПРЕ-006,Ozon,Пресненский,ЦАО,55.75407551974155,37.58760333416846,104
ПРЕ-007,Ozon,Пресненский,ЦАО,55.74659772119486,37.58432152276334,175
ПРЕ-008,Lamoda,Пресненский,ЦАО,55.760509312173376,37.58568038142591,165
ПРЕ-009,Wildberries,Пресненский,ЦАО,55.757001845316694,37.59552593227139,135
ПРЕ-010,Wildberries,Пресненский,ЦАО,55.76413178533336,37.56755683937003,72
ПРЕ-011,Ozon,Пресненский,ЦАО,55.7826169607361,37.580096237191285,106
ПРЕ-012,Wildberries,Пресненский,ЦАО,55.748648423902175,37.571513743523205,142
ПРЕ-013,Lamoda,Пресненский,ЦАО,55.76187150968606,37.58028915296838,131
ПРЕ-014,Ozon,Пресненский,ЦАО,55.76301999096952,37.58997773327,48
ПРЕ-015,Wildberries,Пресненский,ЦАО,55.751814208843186,37.567624711025594,89
ПРЕ-016,Wildberries,Пресненский,ЦАО,55.77292380259497,37.5663337551378,121
ТАГ-001,Lamoda,Таганский,ЦАО,55.73804580608569,37.65733299679624,155
ТАГ-002,Wildberries,Таганский,ЦАО,55.759904616575,37.659411005777585,95
ТАГ-003,Ozon,Таганский,ЦАО,55.74676580078094,37.66338395423003,82
ТАГ-004,Ozon,Таганский,ЦАО,55.74659457924735,37.69147476237899,185
ТАГ-005,Lamoda,Таганский,ЦАО,55.74040723894709,37.64370376990654,99
ТАГ-006,Ozon,Таганский,ЦАО,55.758326082736346,37.65251606787566,97
ТАГ-007,Ozon,Таганский,ЦАО,55.74190384823915,37.64851610098627,101
ТАГ-008,Ozon,Таганский,ЦАО,55.757342168055196,37.66013392327755,58
ТАГ-009,Wildberries,Таганский,ЦАО,55.76940680463002,37.645816002953296,81
ТАГ-010,Wildberries,Таганский,ЦАО,55.77871664531657,37.647206274382675,107
ТАГ-011,Ozon,Таганский,ЦАО,55.76460021101855,37.649422788987444,111
ТАГ-012,Lamoda,Таганский,ЦАО,55.74907303217928,37.656751201073824,115
ТАГ-013,Ozon,Таганский,ЦАО,55.74099775435799,37.65806842404847,128
ТАГ-014,Ozon,Таганский,ЦАО,55.749514301556225,37.67341766374242,125
ТАГ-015,Ozon,Таганский,ЦАО,55.74449370345662,37.66126608664568,94
ТАГ-016,Ozon,Таганский,ЦАО,55.742688400104726,37.68638309363575,175
ТВЕ-001,Ozon,Тверской,ЦАО,55.76006913683387,37.59421660243769,161
ТВЕ-002,Ozon,Тверской,ЦАО,55.77498754419091,37.5866305082578,152
ТВЕ-003,Lamoda,Тверской,ЦАО,55.75590065513723,37.60190724241209,129
ТВЕ-004,Wildberries,Тверской,ЦАО,55.765719769120565,37.6063236808847,111
ТВЕ-005,Wildberries,Тверской,ЦАО,55.78688372702612,37.576765638810315,111
ТВЕ-006,Wildberries,Тверской,ЦАО,55.77277775122645,37.60310256512563,58
ТВЕ-007,Ozon,Тверской,ЦАО,55.789954025920174,37.589159203242495,150
ТВЕ-008,Ozon,Тверской,ЦАО,55.76848993120026,37.594930757973046,108
ТВЕ-009,Lamoda,Тверской,ЦАО,55.77621768625406,37.62835327936641,161
ХАМ-001,Wildberries,Хамовники,ЦАО,55.747343137609285,37.59940656156986,109
ХАМ-002,Wildberries,Хамовники,ЦАО,55.733706133824825,37.60134571066343,78
ХАМ-003,Wildberries,Хамовники,ЦАО,55.73978740701436,37.6035256685699,146
ХАМ-004,Wildberries,Хамовники,ЦАО,55.75084451599809,37.570606220380455,117
ХАМ-005,Lamoda,Хамовники,ЦАО,55.73585586159603,37.60760544464761,142
ХАМ-006,Wildberries,Хамовники,ЦАО,55.72991061130714,37.589864088562805,77
ХАМ-007,Ozon,Хамовники,ЦАО,55.74581933336304,37.60333444788157,141
ХАМ-008,Wildberries,Хамовники,ЦАО,55.74572762045279,37.59033510632708,134
ХАМ-009,Wildberries,Хамовники,ЦАО,55.71731636038277,37.582377462345995,140
ХАМ-010,Ozon,Хамовники,ЦАО,55.75978660828107,37.5938909828007,149
ХАМ-011,Wildberries,Хамовники,ЦАО,55.75184038398402,37.60229236212016,128
ХАМ-012,Wildberries,Хамовники,ЦАО,55.745319338575804,37.57911056027142,114
ЯКИ-001,Ozon,Якиманка,ЦАО,55.734736129249946,37.62404382981186,82
ЯКИ-002,Ozon,Якиманка,ЦАО,55.747912869449614,37.603122880103186,91
ЯКИ-003,Wildberries,Якиманка,ЦАО,55.74026802516353,37.612183051515665,166
ЯКИ-004,Wildberries,Якиманка,ЦАО,55.74023724368039,37.618695336864825,201
ХОР-001,Ozon,Хорошёво-Мнёвники,СЗАО,55.801751052338204,37.46390760682852,123
ХОР-002,Wildberries,Хорошёво-Мнёвники,СЗАО,55.76327288550729,37.454380233430726,63
ХОР-003,Ozon,Хорошёво-Мнёвники,СЗАО,55.787775639272205,37.47569025411375,129
ХОР-004,Ozon,Хорошёво-Мнёвники,СЗАО,55.75477875876041,37.47005224302468,103
ХОР-005,Wildberries,Хорошёво-Мнёвники,СЗАО,55.79092344351466,37.471058897184705,146
ХОР-006,Lamoda,Хорошёво-Мнёвники,СЗАО,55.78886077646722,37.46094392084556,113
ХОР-007,Wildberries,Хорошёво-Мнёвники,СЗАО,55.792346341705006,37.4646751059333,138
ХОР-008,Ozon,Хорошёво-Мнёвники,СЗАО,55.78108949399206,37.47935422850429,50
ХОР-009,Wildberries,Хорошёво-Мнёвники,СЗАО,55.76471377523068,37.441396606561824,96
ХОР-010,Wildberries,Хорошёво-Мнёвники,СЗАО,55.779081391203405,37.4717734809833,158
ХОР-011,Wildberries,Хорошёво-Мнёвники,СЗАО,55.78167034478329,37.48564303067484,123
ХОР-012,Lamoda,Хорошёво-Мнёвники,СЗАО,55.77536719577361,37.45163356184922,88
ХОР-013,Ozon,Хорошёво-Мнёвники,СЗАО,55.792143020232544,37.49004923797399,71
ХОР-014,Ozon,Хорошёво-Мнёвники,СЗАО,55.770013472730106,37.47509636506156,115
ХОР-015,Wildberries,Хорошёво-Мнёвники,СЗАО,55.79363956389882,37.46213999144629,101
ХОР-016,Lamoda,Хорошёво-Мнёвники,СЗАО,55.77464860067975,37.47453468528834,113
ХОР-017,Wildberries,Хорошёво-Мнёвники,СЗАО,55.786843062247144,37.48524793986634,108
ХОР-018,Wildberries,Хорошёво-Мнёвники,СЗАО,55.79530666899886,37.46542214193483,159
ХОР-019,Ozon,Хорошёво-Мнёвники,СЗАО,55.78092634963756,37.47358531072856,188
ХОР-020,Ozon,Хорошёво-Мнёвники,СЗАО,55.78333257362159,37.471322287119804,157
ХОР-021,Ozon,Хорошёво-Мнёвники,СЗАО,55.786496844471415,37.46908964582455,130
ХОР-022,Ozon,Хорошёво-Мнёвники,СЗАО,55.76342519008029,37.44452419876811,80
МИТ-001,Ozon,Митино,СЗАО,55.851359236154124,37.38343384475017,158
МИТ-002,Wildberries,Митино,СЗАО,55.859050036623316,37.35530213196481,110
МИТ-003,Wildberries,Митино,СЗАО,55.86230758859761,37.35611596899441,157
МИТ-004,Ozon,Митино,СЗАО,55.854953603942256,37.39135915552017,127
МИТ-005,Wildberries,Митино,СЗАО,55.855975777331984,37.367156395944974,118
МИТ-006,Wildberries,Митино,СЗАО,55.8455237464332,37.36535068710851,90
МИТ-007,Wildberries,Митино,СЗАО,55.86222736612051,37.36817409363678,157
МИТ-008,Ozon,Митино,СЗАО,55.85144255039124,37.36563465775272,109
МИТ-009,Ozon,Митино,СЗАО,55.83290066218333,37.35615978238359,50
МИТ-010,Lamoda,Митино,СЗАО,55.87124388195167,37.37092929058468,94
МИТ-011,Ozon,Митино,СЗАО,55.81930318913981,37.35366512470583,204
МИТ-012,Wildberries,Митино,СЗАО,55.848162667761315,37.36576803331502,65
МИТ-013,Ozon,Митино,СЗАО,55.856071264870096,37.35915386297916,147
МИТ-014,Wildberries,Митино,СЗАО,55.8628974474112,37.35192660341425,151
МИТ-015,Lamoda,Митино,СЗАО,55.84323574095809,37.34953472293245,166
МИТ-016,Ozon,Митино,СЗАО,55.871723391898705,37.35487664225831,170
МИТ-017,Wildberries,Митино,СЗАО,55.85797628107378,37.37896368706106,107
МИТ-018,Ozon,Митино,СЗАО,55.84949476469757,37.365615078208734,65
МИТ-019,Ozon,Митино,СЗАО,55.848412279382494,37.37396082272982,36
МИТ-020,Ozon,Митино,СЗАО,55.8346399173791,37.35027231720465,128
МИТ-021,Wildberries,Митино,СЗАО,55.85183700436653,37.35827685234446,127
МИТ-022,Ozon,Митино,СЗАО,55.863359730884696,37.36813906244564,133
СТР-001,Wildberries,Строгино,СЗАО,55.82053425222163,37.391005669947376,109
СТР-002,Wildberries,Строгино,СЗАО,55.78372622054192,37.3771171385488,88
СТР-003,Ozon,Строгино,СЗАО,55.800124914130826,37.39266450470263,93
СТР-004,Ozon,Строгино,СЗАО,55.80498632465647,37.39013502031094,97
СТР-005,Ozon,Строгино,СЗАО,55.79836905563869,37.37467327288702,117
СТР-006,Ozon,Строгино,СЗАО,55.785317035151,37.39432892071406,69
СТР-007,Wildberries,Строгино,СЗАО,55.81108877240957,37.38902059198837,132
СТР-008,Wildberries,Строгино,СЗАО,55.78223720066567,37.388525452958184,82
СТР-009,Ozon,Строгино,СЗАО,55.82008093095783,37.37793142336685,90
СТР-010,Wildberries,Строгино,СЗАО,55.815446766370854,37.37738230824953,128
СТР-011,Wildberries,Строгино,СЗАО,55.776292262810706,37.37667796951786,105
СТР-012,Wildberries,Строгино,СЗАО,55.8058645880419,37.39495071663786,57
СТР-013,Ozon,Строгино,СЗАО,55.789182905940585,37.4073441666033,98
СТР-014,Wildberries,Строгино,СЗАО,55.80260695191851,37.40120591778805,135
СТР-015,Ozon,Строгино,СЗАО,55.802569785867995,37.379639103379915,128
СТР-016,Wildberries,Строгино,СЗАО,55.801469238359374,37.382371613148315,75
СТР-017,Wildberries,Строгино,СЗАО,55.799013106848975,37.38468307838329,170
СТР-018,Lamoda,Строгино,СЗАО,55.796498664676506,37.39527776137215,98
СТР-019,Ozon,Строгино,СЗАО,55.789711944422876,37.38711114013341,167
СЕВ-001,Ozon,Северное Тушино,СЗАО,55.82630240940157,37.44232417470938,209
СЕВ-002,Ozon,Северное Тушино,СЗАО,55.832013716885285,37.41926712305488,109
СЕВ-003,Lamoda,Северное Тушино,СЗАО,55.841895116869665,37.42994766447895,138
СЕВ-004,Wildberries,Северное Тушино,СЗАО,55.863646134153065,37.44762515055258,126
СЕВ-005,Ozon,Северное Тушино,СЗАО,55.85355173479984,37.430376011972854,59
СЕВ-006,Ozon,Северное Тушино,СЗАО,55.850570205979174,37.445166830924705,113
СЕВ-007,Ozon,Северное Тушино,СЗАО,55.84201088499934,37.43004004077087,131
СЕВ-008,Wildberries,Северное Тушино,СЗАО,55.85738452674837,37.43754315681121,108
СЕВ-009,Lamoda,Северное Тушино,СЗАО,55.855045019455,37.412163853631725,108
СЕВ-010,Lamoda,Северное Тушино,СЗАО,55.83478794678054,37.403605030697385,136
СЕВ-011,Wildberries,Северное Тушино,СЗАО,55.82447884127088,37.43241105920853,129
СЕВ-012,Ozon,Северное Тушино,СЗАО,55.83945381084003,37.433022625525005,132
СЕВ-013,Lamoda,Северное Тушино,СЗАО,55.8598770108055,37.42803519395393,133
СЕВ-014,Wildberries,Северное Тушино,СЗАО,55.865057083779135,37.43049395318421,163
СЕВ-015,Wildberries,Северное Тушино,СЗАО,55.8500308836974,37.41724369271829,147
ЮЖН-001,Wildberries,Южное Тушино,СЗАО,55.83953838429301,37.42514290412006,111
ЮЖН-002,Ozon,Южное Тушино,СЗАО,55.8176143415391,37.411453516870615,92
ЮЖН-003,Ozon,Южное Тушино,СЗАО,55.8330720076941,37.41039210404347,112
ЮЖН-004,Ozon,Южное Тушино,СЗАО,55.84169494121223,37.409004212790364,118
ЮЖН-005,Ozon,Южное Тушино,СЗАО,55.832924163233145,37.41044707882656,139
ЮЖН-006,Ozon,Южное Тушино,СЗАО,55.85240548531504,37.42121021593207,144
ЮЖН-007,Lamoda,Южное Тушино,СЗАО,55.844490653217065,37.41884569726126,77
ЮЖН-008,Ozon,Южное Тушино,СЗАО,55.85286465744982,37.417162548847,84
ЮЖН-009,Ozon,Южное Тушино,СЗАО,55.85817189531471,37.394005123289155,67
ЮЖН-010,Wildberries,Южное Тушино,СЗАО,55.862169815427166,37.42476502122865,146
ЮЖН-011,Ozon,Южное Тушино,СЗАО,55.83120123852328,37.42674774203429,122
КУР-001,Ozon,Куркино,СЗАО,55.88982376829236,37.38212304123119,125
КУР-002,Ozon,Куркино,СЗАО,55.901759919566835,37.359346852581034,41
КУР-003,Ozon,Куркино,СЗАО,55.90632852130264,37.36653784027958,54
ПОК-001,Lamoda,Покровское-Стрешнево,СЗАО,55.847485569051834,37.454391073763766,106
ПОК-002,Lamoda,Покровское-Стрешнево,СЗАО,55.826051850282674,37.44460432645192,84
ПОК-003,Wildberries,Покровское-Стрешнево,СЗАО,55.84733645560749,37.46182808710122,87
ПОК-004,Ozon,Покровское-Стрешнево,СЗАО,55.8335899516966,37.453506050388995,163
ПОК-005,Ozon,Покровское-Стрешнево,СЗАО,55.83479460561828,37.45583837829901,131
ПОК-006,Ozon,Покровское-Стрешнево,СЗАО,55.82691788771155,37.44152119939236,75
ПОК-007,Wildberries,Покровское-Стрешнево,СЗАО,55.846662378873255,37.464506150102096,128
ПОК-008,Wildberries,Покровское-Стрешнево,СЗАО,55.826059072949846,37.450629070221325,81
ПОК-009,Ozon,Покровское-Стрешнево,СЗАО,55.826639065923715,37.43256367749654,118
ПОК-010,Ozon,Покровское-Стрешнево,СЗАО,55.84748516878236,37.45892606284071,120
ЩУК-001,Lamoda,Щукино,СЗАО,55.79840179626456,37.472873202068804,82
ЩУК-002,Ozon,Щукино,СЗАО,55.788918068647476,37.46030438341928,137
ЩУК-003,Wildberries,Щукино,СЗАО,55.77643075759089,37.473835954236414,154
ЩУК-004,Ozon,Щукино,СЗАО,55.81018128984193,37.47577512836917,90
ЩУК-005,Wildberries,Щукино,СЗАО,55.80200650658431,37.47985953029874,165
ЩУК-006,Wildberries,Щукино,СЗАО,55.79628450384893,37.46037769934002,108
ЩУК-007,Wildberries,Щукино,СЗАО,55.79544624878263,37.468373440589424,128
ЩУК-008,Ozon,Щукино,СЗАО,55.790334454722604,37.479045603897994,105
АЛЕ-001,Ozon,Алексеевский,СВАО,55.801279243653596,37.64645398429139,170
АЛЕ-002,Lamoda,Алексеевский,СВАО,55.81877066551879,37.63828392362496,45
АЛЕ-003,Wildberries,Алексеевский,СВАО,55.81530171102561,37.652599885114164,115
АЛЕ-004,Wildberries,Алексеевский,СВАО,55.782878378469455,37.65698008427094,174
АЛЕ-005,Ozon,Алексеевский,СВАО,55.81039471352521,37.64319417477103,88
АЛЕ-006,Ozon,Алексеевский,СВАО,55.832082215070905,37.674277517883624,108
АЛЕ-007,Lamoda,Алексеевский,СВАО,55.81537930939051,37.673273170098184,116
АЛЕ-008,Ozon,Алексеевский,СВАО,55.81933808533841,37.69037512193018,149
АЛЕ-009,Ozon,Алексеевский,СВАО,55.82658036611,37.64788688733276,102
АЛТ-001,Ozon,Алтуфьевский,СВАО,55.88150262020395,37.59261633152209,120
АЛТ-002,Ozon,Алтуфьевский,СВАО,55.88622918391993,37.566029817355485,143
АЛТ-003,Ozon,Алтуфьевский,СВАО,55.863822003523985,37.58857248562164,122
АЛТ-004,Ozon,Алтуфьевский,СВАО,55.89110197544271,37.5731673185515,105
АЛТ-005,Wildberries,Алтуфьевский,СВАО,55.88057054590662,37.59261979196371,84
АЛТ-006,Lamoda,Алтуфьевский,СВАО,55.88188562157071,37.5665700655082,51
АЛТ-007,Ozon,Алтуфьевский,СВАО,55.87847798533726,37.58803237918505,119
АЛТ-008,Lamoda,Алтуфьевский,СВАО,55.89250138846887,37.57594016173694,78
БАБ-001,Ozon,Бабушкинский,СВАО,55.884871610440975,37.65997089828264,32
БАБ-002,Wildberries,Бабушкинский,СВАО,55.85993580122366,37.65845422489157,105
БАБ-003,Ozon,Бабушкинский,СВАО,55.86619128592735,37.677739046868034,96
БАБ-004,Wildberries,Бабушкинский,СВАО,55.87567874835946,37.6467192667024,133
БАБ-005,Wildberries,Бабушкинский,СВАО,55.8681629320182,37.684206284827305,98
БАБ-006,Ozon,Бабушкинский,СВАО,55.86722706450648,37.649822774201866,122
БАБ-007,Wildberries,Бабушкинский,СВАО,55.86091117172346,37.669911371141694,139
БАБ-008,Ozon,Бабушкинский,СВАО,55.88178110363778,37.67903706463776,170
БАБ-009,Wildberries,Бабушкинский,СВАО,55.88629338644225,37.64257739040582,108
БАБ-010,Lamoda,Бабушкинский,СВАО,55.87136295223075,37.65828958091115,114
БИБ-001,Wildberries,Бибирево,СВАО,55.88747024405216,37.61592081470285,111
БИБ-002,Ozon,Бибирево,СВАО,55.88957908177444,37.616335195688244,160
БИБ-003,Lamoda,Бибирево,СВАО,55.893222322592116,37.61802986952899,79
БИБ-004,Ozon,Бибирево,СВАО,55.90079035518781,37.62134693055757,127
БИБ-005,Ozon,Бибирево,СВАО,55.89539608211713,37.625358981995674,130
БИБ-006,Wildberries,Бибирево,СВАО,55.8935369766924,37.57578817438633,133
БИБ-007,Wildberries,Бибирево,СВАО,55.86882532072034,37.61637653010786,136
БИБ-008,Ozon,Бибирево,СВАО,55.88096165710666,37.627401798759934,103
БИБ-009,Wildberries,Бибирево,СВАО,55.88948384337109,37.61585174101914,176
БИБ-010,Lamoda,Бибирево,СВАО,55.87747875384092,37.60963857747623,118
БИБ-011,Lamoda,Бибирево,СВАО,55.88643689675312,37.60204900176859,152
БИБ-012,Ozon,Бибирево,СВАО,55.88611333261944,37.609681123729096,127
БИБ-013,Lamoda,Бибирево,СВАО,55.87751033486518,37.59845625530511,158
БИБ-014,Wildberries,Бибирево,СВАО,55.87250477649805,37.61628105940916,136
БИБ-015,Ozon,Бибирево,СВАО,55.89226066219477,37.6197823040057,133
БИБ-016,Ozon,Бибирево,СВАО,55.872655652432115,37.61492778875652,109
БИБ-017,Wildberries,Бибирево,СВАО,55.89995354892224,37.62870660102465,182
БИБ-018,Wildberries,Бибирево,СВАО,55.88819007142965,37.61518794885288,146
БИБ-019,Wildberries,Бибирево,СВАО,55.89107605186415,37.62084034447908,117
БУТ-001,Ozon,Бутырский,СВАО,55.815626601698156,37.58888036201407,131
БУТ-002,Wildberries,Бутырский,СВАО,55.80352157961058,37.59791942048323,133
БУТ-003,Ozon,Бутырский,СВАО,55.82532733465959,37.58283550559459,62
БУТ-004,Ozon,Бутырский,СВАО,55.79576713523721,37.58947052234356,110
БУТ-005,Ozon,Бутырский,СВАО,55.81545610075114,37.59292294685398,131
БУТ-006,Ozon,Бутырский,СВАО,55.81541329318138,37.56354900241834,107
БУТ-007,Wildberries,Бутырский,СВАО,55.80845239628693,37.58878884685298,156
БУТ-008,Lamoda,Бутырский,СВАО,55.81045297774438,37.58284010959091,136
БУТ-009,Ozon,Бутырский,СВАО,55.80800296534804,37.6006780783232,100
ЛИА-001,Lamoda,Лианозово,СВАО,55.909582040617856,37.556023057871855,154
ЛИА-002,Wildberries,Лианозово,СВАО,55.90267633484202,37.558332678181095,89
ЛИА-003,Lamoda,Лианозово,СВАО,55.90796435775305,37.55601305766861,135
ЛИА-004,Wildberries,Лианозово,СВАО,55.89900440118028,37.56879633273232,205
ЛИА-005,Wildberries,Лианозово,СВАО,55.919117398991425,37.569278668645275,134
ЛИА-006,Ozon,Лианозово,СВАО,55.90678994601189,37.56563633842509,170
ЛИА-007,Wildberries,Лианозово,СВАО,55.9150400390597,37.559748154234875,117
ЛИА-008,Ozon,Лианозово,СВАО,55.90691350883772,37.584822071160545,117
ЛИА-009,Wildberries,Лианозово,СВАО,55.88807782063673,37.5647290478348,64
ЛИА-010,Ozon,Лианозово,СВАО,55.904174656746854,37.583308718050326,218
ЛОС-001,Lamoda,Лосиноостровский,СВАО,55.88174095854179,37.68108636924623,135
ЛОС-002,Ozon,Лосиноостровский,СВАО,55.88014067748432,37.67800134305327,71
ЛОС-003,Wildberries,Лосиноостровский,СВАО,55.88665486737635,37.67958093992616,99
ЛОС-004,Wildberries,Лосиноостровский,СВАО,55.88835511581196,37.685065708323506,97
ЛОС-005,Lamoda,Лосиноостровский,СВАО,55.87801098762236,37.701851567042965,137
ЛОС-006,Lamoda,Лосиноостровский,СВАО,55.893719448738736,37.69646253280404,141
ЛОС-007,Ozon,Лосиноостровский,СВАО,55.88505185565713,37.669733288912624,144
ЛОС-008,Wildberries,Лосиноостровский,СВАО,55.86928073531547,37.69854412182089,149
ЛОС-009,Wildberries,Лосиноостровский,СВАО,55.87555583617272,37.669074354911864,111
ЛОС-010,Ozon,Лосиноостровский,СВАО,55.87976379337305,37.69650550675227,107
ЛОС-011,Wildberries,Лосиноостровский,СВАО,55.866952402983756,37.688305148343716,120
МАР-001,Ozon,Марфино,СВАО,55.83184692777085,37.588102646597406,110
МАР-002,Wildberries,Марфино,СВАО,55.83349552808925,37.58738600223346,46
МАР-003,Wildberries,Марфино,СВАО,55.83151999902347,37.582082523441464,168
МАР-004,Ozon,Марфино,СВАО,55.850138211108764,37.591053211164194,121
МАР-005,Wildberries,Марфино,СВАО,55.8347224351364,37.610938295592184,38
МАР-001,Ozon,Марьина Роща,СВАО,55.79597433458325,37.620781253097164,136
МАР-002,Ozon,Марьина Роща,СВАО,55.8080285243189,37.62486234483783,126
МАР-003,Lamoda,Марьина Роща,СВАО,55.799071743161186,37.6057622036786,144
МАР-004,Ozon,Марьина Роща,СВАО,55.79581607816105,37.630175442866275,34
МАР-005,Ozon,Марьина Роща,СВАО,55.781555154883506,37.60814087222917,111
МАР-006,Wildberries,Марьина Роща,СВАО,55.78397810361227,37.602169899857714,206
МАР-007,Wildberries,Марьина Роща,СВАО,55.79085900698779,37.608137000516315,79
МАР-008,Wildberries,Марьина Роща,СВАО,55.794397437763095,37.60052577620107,117
ОСТ-001,Wildberries,Останкинский,СВАО,55.82660476110552,37.61721295639365,132
ОСТ-002,Wildberries,Останкинский,СВАО,55.81990258679536,37.62568566001164,91
ОСТ-003,Ozon,Останкинский,СВАО,55.83562079048583,37.59891278126108,108
ОСТ-004,Wildberries,Останкинский,СВАО,55.84310403917094,37.61373757648068,173
ОСТ-005,Wildberries,Останкинский,СВАО,55.83266860520845,37.624430892995655,187
ОСТ-006,Wildberries,Останкинский,СВАО,55.821012456035376,37.604311033916126,171
ОТР-001,Ozon,Отрадное,СВАО,55.859093718680676,37.6206524998911,116
ОТР-002,Lamoda,Отрадное,СВАО,55.856837498708366,37.60706173460446,89
ОТР-003,Ozon,Отрадное,СВАО,55.86849818110329,37.62625088803026,102
ОТР-004,Lamoda,Отрадное,СВАО,55.85636540047262,37.58378927935838,71
ОТР-005,Ozon,Отрадное,СВАО,55.83793064291364,37.60126547168583,166
ОТР-006,Wildberries,Отрадное,СВАО,55.88041481339692,37.62054157030022,147
ОТР-007,Ozon,Отрадное,СВАО,55.87121545969937,37.6243543501863,99
ОТР-008,Wildberries,Отрадное,СВАО,55.87172230135196,37.60901514792385,80
ОТР-009,Wildberries,Отрадное,СВАО,55.86596611475212,37.61953389780288,92
ОТР-010,Ozon,Отрадное,СВАО,55.871774492682725,37.62302806795339,174
ОТР-011,Lamoda,Отрадное,СВАО,55.85291255105599,37.63581281389187,101
ОТР-012,Ozon,Отрадное,СВАО,55.865743887761674,37.610663986835924,56
ОТР-013,Ozon,Отрадное,СВАО,55.846215449425394,37.62721737020752,173
ОТР-014,Wildberries,Отрадное,СВАО,55.86855169715929,37.60690508111331,98
ОТР-015,Ozon,Отрадное,СВАО,55.86446558910694,37.63648555588058,103
ОТР-016,Wildberries,Отрадное,СВАО,55.86609700920456,37.62515911549434,104
ОТР-017,Wildberries,Отрадное,СВАО,55.86354206169747,37.60557709399926,143
ОТР-018,Wildberries,Отрадное,СВАО,55.87205070458793,37.63405336722442,170
ОТР-019,Ozon,Отрадное,СВАО,55.869404676070275,37.60812657110631,120
ОТР-020,Ozon,Отрадное,СВАО,55.884368891958694,37.619974157181524,112
ОТР-021,Wildberries,Отрадное,СВАО,55.838880663331516,37.59144054823903,147
ОТР-022,Ozon,Отрадное,СВАО,55.86793340385219,37.59969302613759,119
ОТР-023,Ozon,Отрадное,СВАО,55.874818443686614,37.61764625791912,104
ОТР-024,Wildberries,Отрадное,СВАО,55.83937767357866,37.61870146442846,149
РОС-001,Lamoda,Ростокино,СВАО,55.826010761675875,37.63656884222139,86
РОС-002,Lamoda,Ростокино,СВАО,55.8089349385237,37.65782966306848,146
РОС-003,Wildberries,Ростокино,СВАО,55.804179262263744,37.63850139429616,163
СВИ-001,Ozon,Свиблово,СВАО,55.84112524133407,37.65144953483523,96
СВИ-002,Ozon,Свиблово,СВАО,55.86207077570571,37.66382940129297,112
СВИ-003,Wildberries,Свиблово,СВАО,55.837464584926146,37.65607965397574,93
СВИ-004,Wildberries,Свиблово,СВАО,55.85501827713749,37.62304007907213,128
СВИ-005,Wildberries,Свиблово,СВАО,55.858800456557645,37.62272792044607,115
СВИ-006,Ozon,Свиблово,СВАО,55.832749385484085,37.6288974990504,150
СВИ-007,Ozon,Свиблово,СВАО,55.860228909661195,37.66410862890769,136
СВИ-008,Wildberries,Свиблово,СВАО,55.8878141970023,37.639229036519126,92
СЕВ-001,Ozon,Северное Медведково,СВАО,55.89148787375969,37.64922719318609,83
СЕВ-002,Lamoda,Северное Медведково,СВАО,55.89014210305167,37.64676035331262,152
СЕВ-003,Lamoda,Северное Медведково,СВАО,55.883185404051204,37.66229505235242,74
СЕВ-004,Ozon,Северное Медведково,СВАО,55.89488236318034,37.67850323558223,136
СЕВ-005,Wildberries,Северное Медведково,СВАО,55.88013471804188,37.6506236982093,111
СЕВ-006,Ozon,Северное Медведково,СВАО,55.89721571869991,37.634749268650936,150
СЕВ-007,Ozon,Северное Медведково,СВАО,55.89074335483536,37.642023922967034,166
СЕВ-008,Lamoda,Северное Медведково,СВАО,55.89773506771602,37.63737072057992,149
СЕВ-009,Wildberries,Северное Медведково,СВАО,55.86695672644142,37.6552562092842,132
СЕВ-010,Wildberries,Северное Медведково,СВАО,55.888347117810405,37.65904255489161,171
СЕВ-001,Wildberries,Северный,СВАО,55.938885054008615,37.55254723628056,58
СЕВ-002,Ozon,Северный,СВАО,55.957679409935594,37.541484234296,131
ЮЖН-001,Ozon,Южное Медведково,СВАО,55.86553961194223,37.64843062776099,101
ЮЖН-002,Ozon,Южное Медведково,СВАО,55.851147938833655,37.653049714887686,141
ЮЖН-003,Wildberries,Южное Медведково,СВАО,55.88050911434639,37.61378407100357,161
ЮЖН-004,Ozon,Южное Медведково,СВАО,55.871153722045804,37.624802036771364,99
ЮЖН-005,Wildberries,Южное Медведково,СВАО,55.87667343842764,37.638522881847784,119
ЮЖН-006,Ozon,Южное Медведково,СВАО,55.868576371299284,37.657458686247864,65
ЮЖН-007,Lamoda,Южное Медведково,СВАО,55.89001744563504,37.62047599847936,198
ЮЖН-008,Ozon,Южное Медведково,СВАО,55.885256224308264,37.63103817039526,112
ЮЖН-009,Wildberries,Южное Медведково,СВАО,55.87828892338222,37.647516139451355,126
ЮЖН-010,Wildberries,Южное Медведково,СВАО,55.88349568097501,37.641755713107685,142
ЯРО-001,Lamoda,Ярославский,СВАО,55.84801276625815,37.69075113872243,62
ЯРО-002,Wildberries,Ярославский,СВАО,55.858159250865,37.69588960743577,20
ЯРО-003,Wildberries,Ярославский,СВАО,55.87261072408055,37.69319394788937,132
ЯРО-004,Wildberries,Ярославский,СВАО,55.876425102052025,37.69944112796947,130
ЯРО-005,Lamoda,Ярославский,СВАО,55.87735791747079,37.69749067243468,99
ЯРО-006,Ozon,Ярославский,СВАО,55.86527941524543,37.699906770279114,106
ЯРО-007,Ozon,Ярославский,СВАО,55.85779011756238,37.728764529006575,123
ЯРО-008,Ozon,Ярославский,СВАО,55.86344846933624,37.71272498676912,94
ЯРО-009,Ozon,Ярославский,СВАО,55.8646771077239,37.71303209879971,121
ЯРО-010,Wildberries,Ярославский,СВАО,55.84283753586824,37.68404382306389,58
БОГ-001,Ozon,Богородское,ВАО,55.82642665096483,37.703305961552886,40
БОГ-002,Lamoda,Богородское,ВАО,55.81097253594474,37.72861893599869,69
БОГ-003,Ozon,Богородское,ВАО,55.83339635607087,37.70886669109214,139
БОГ-004,Lamoda,Богородское,ВАО,55.81688544636822,37.712798265359325,91
БОГ-005,Ozon,Богородское,ВАО,55.79645008770171,37.70740736666996,126
БОГ-006,Ozon,Богородское,ВАО,55.812653900600424,37.695996469163994,82
БОГ-007,Ozon,Богородское,ВАО,55.799678260279876,37.7073405205651,79
БОГ-008,Wildberries,Богородское,ВАО,55.79874837508919,37.69667141200901,98
БОГ-009,Ozon,Богородское,ВАО,55.81688960325173,37.70092614536545,137
БОГ-010,Ozon,Богородское,ВАО,55.81240852082864,37.72743712112964,124
БОГ-011,Ozon,Богородское,ВАО,55.819503664460036,37.71421421391575,50
БОГ-012,Ozon,Богородское,ВАО,55.81544961939737,37.69488843225321,165
ВЕШ-001,Lamoda,Вешняки,ВАО,55.7137045379159,37.77576160579723,111
ВЕШ-002,Lamoda,Вешняки,ВАО,55.72382715240065,37.82170426650115,161
ВЕШ-003,Ozon,Вешняки,ВАО,55.70330438090831,37.8161650969987,139
ВЕШ-004,Wildberries,Вешняки,ВАО,55.74069846190973,37.79477978087526,190
ВЕШ-005,Ozon,Вешняки,ВАО,55.737911380044444,37.78850954569983,87
ВЕШ-006,Lamoda,Вешняки,ВАО,55.72578990704202,37.81883678929439,128
ВЕШ-007,Ozon,Вешняки,ВАО,55.74528690881722,37.80591781213697,57
ВЕШ-008,Wildberries,Вешняки,ВАО,55.73553500566245,37.81350382730914,65
ВЕШ-009,Ozon,Вешняки,ВАО,55.7219400487276,37.80437208290342,71
ВЕШ-010,Wildberries,Вешняки,ВАО,55.72017737909492,37.81801611714994,148
ВЕШ-011,Ozon,Вешняки,ВАО,55.724216227367585,37.810436809777265,91
ВЕШ-012,Wildberries,Вешняки,ВАО,55.717638050410926,37.801139960065136,79
ВЕШ-013,Ozon,Вешняки,ВАО,55.737677293003436,37.78971253842322,120
ВЕШ-014,Wildberries,Вешняки,ВАО,55.733018809144475,37.80860245281555,69
ВЕШ-015,Ozon,Вешняки,ВАО,55.72927378782505,37.82110308906974,42
ВОС-001,Ozon,Восточный,ВАО,55.868285055552796,37.85733763771247,139
ВОС-002,Ozon,Восточный,ВАО,55.85257719709802,37.839722986007246,37
ВОС-001,Ozon,Восточное Измайлово,ВАО,55.78874362739842,37.79789431813558,70
ВОС-002,Wildberries,Восточное Измайлово,ВАО,55.78545503520883,37.81906727715076,135
ВОС-003,Ozon,Восточное Измайлово,ВАО,55.797073171029595,37.833464843634005,82
ВОС-004,Wildberries,Восточное Измайлово,ВАО,55.80780223938469,37.82970610288688,70
ВОС-005,Ozon,Восточное Измайлово,ВАО,55.810507414688864,37.82062857443721,126
ВОС-006,Lamoda,Восточное Измайлово,ВАО,55.78960435042996,37.8179902539319,111
ВОС-007,Ozon,Восточное Измайлово,ВАО,55.795153146011835,37.8063947668329,138
ВОС-008,Ozon,Восточное Измайлово,ВАО,55.77288612186654,37.8184197754651,93
ВОС-009,Ozon,Восточное Измайлово,ВАО,55.79476865121839,37.82367388246333,161
ГОЛ-001,Lamoda,Гольяново,ВАО,55.8344467241715,37.76033240027455,175
ГОЛ-002,Ozon,Гольяново,ВАО,55.83379621697947,37.773825466061915,90
ГОЛ-003,Wildberries,Гольяново,ВАО,55.820657642038476,37.791860798056135,157
ГОЛ-004,Wildberries,Гольяново,ВАО,55.832547925571134,37.78856335791951,112
ГОЛ-005,Wildberries,Гольяново,ВАО,55.82689868073105,37.75949468078764,142
ГОЛ-006,Ozon,Гольяново,ВАО,55.82150359166194,37.78703394895208,160
ГОЛ-007,Ozon,Гольяново,ВАО,55.81253243397678,37.78238474264836,164
ГОЛ-008,Wildberries,Гольяново,ВАО,55.81623453693225,37.78562661796044,65
ГОЛ-009,Wildberries,Гольяново,ВАО,55.79974430821818,37.79748553259004,124
ГОЛ-010,Lamoda,Гольяново,ВАО,55.807660470065834,37.78723202990753,182
ГОЛ-011,Lamoda,Гольяново,ВАО,55.81250755209157,37.79115158414049,120
ГОЛ-012,Ozon,Гольяново,ВАО,55.81247793147871,37.7873921301676,64
ГОЛ-013,Lamoda,Гольяново,ВАО,55.82626234479159,37.785734942048286,63
ГОЛ-014,Wildberries,Гольяново,ВАО,55.82523639716644,37.7797517938276,110
ГОЛ-015,Ozon,Гольяново,ВАО,55.80855717517719,37.782010238843725,162
ГОЛ-016,Ozon,Гольяново,ВАО,55.82854466062247,37.78200418056567,128
ГОЛ-017,Ozon,Гольяново,ВАО,55.83133877591164,37.78204623894139,64
ГОЛ-018,Lamoda,Гольяново,ВАО,55.81447956678321,37.773475255351876,134
ГОЛ-019,Wildberries,Гольяново,ВАО,55.849357375310845,37.76761139985837,127
ИВА-001,Wildberries,Ивановское,ВАО,55.77115673050552,37.79480099548562,128
ИВА-002,Wildberries,Ивановское,ВАО,55.76401843724501,37.825823146265776,155
ИВА-003,Lamoda,Ивановское,ВАО,55.76248817456305,37.79539661513945,142
ИВА-004,Ozon,Ивановское,ВАО,55.757307490608774,37.82422461250744,99
ИВА-005,Ozon,Ивановское,ВАО,55.77673519069873,37.80664486304823,156
ИВА-006,Ozon,Ивановское,ВАО,55.76150727992516,37.84578080631291,159
ИВА-007,Ozon,Ивановское,ВАО,55.758173334239416,37.81635418430371,122
ИВА-008,Wildberries,Ивановское,ВАО,55.768369245669916,37.8223354618151,112
ИВА-009,Wildberries,Ивановское,ВАО,55.7632615679195,37.83368094063196,72
ИВА-010,Ozon,Ивановское,ВАО,55.75962264968018,37.82404165713689,106
ИВА-011,Ozon,Ивановское,ВАО,55.77553869467571,37.806963813994784,143
ИВА-012,Lamoda,Ивановское,ВАО,55.7625357403689,37.8264712802254,102
ИВА-013,Ozon,Ивановское,ВАО,55.76016557608727,37.815278093353015,97
ИВА-014,Wildberries,Ивановское,ВАО,55.782649995492,37.830251007507435,179
ИВА-015,Wildberries,Ивановское,ВАО,55.75709109244224,37.823550481512044,78
ИВА-016,Wildberries,Ивановское,ВАО,55.76189870670236,37.81001959349445,83
ИЗМ-001,Ozon,Измайлово,ВАО,55.772992291405366,37.78835585487061,87
ИЗМ-002,Wildberries,Измайлово,ВАО,55.782176299014424,37.77911454306396,74
ИЗМ-003,Wildberries,Измайлово,ВАО,55.80102692059563,37.78181332180979,72
ИЗМ-004,Wildberries,Измайлово,ВАО,55.77413573987379,37.79579859452264,148
ИЗМ-005,Wildberries,Измайлово,ВАО,55.75835640446703,37.76644933961705,144
ИЗМ-006,Wildberries,Измайлово,ВАО,55.8009029501639,37.75914617533406,130
ИЗМ-007,Ozon,Измайлово,ВАО,55.767692885639015,37.778155477176476,129
ИЗМ-008,Wildberries,Измайлово,ВАО,55.76536697016118,37.774341954040075,108
ИЗМ-009,Ozon,Измайлово,ВАО,55.7808312553209,37.77293418552206,118
ИЗМ-010,Ozon,Измайлово,ВАО,55.78393979127172,37.77333454422054,123
ИЗМ-011,Ozon,Измайлово,ВАО,55.793317333952714,37.778243574195486,121
ИЗМ-012,Wildberries,Измайлово,ВАО,55.76415912606542,37.75456432492265,129
ИЗМ-013,Ozon,Измайлово,ВАО,55.789635035744304,37.77270480645889,143
ИЗМ-014,Lamoda,Измайлово,ВАО,55.793400699953416,37.775120389860106,46
КОС-001,Ozon,Косино-Ухтомский,ВАО,55.72777605900832,37.89273926414346,143
КОС-002,Ozon,Косино-Ухтомский,ВАО,55.738747153038105,37.892781654181135,112
КОС-003,Wildberries,Косино-Ухтомский,ВАО,55.72073027892177,37.889887042047256,134
КОС-004,Wildberries,Косино-Ухтомский,ВАО,55.721096912820485,37.90592999239803,110
КОС-005,Wildberries,Косино-Ухтомский,ВАО,55.70923305185996,37.8962471241187,120
КОС-006,Ozon,Косино-Ухтомский,ВАО,55.70207288002338,37.88757141227468,48
КОС-007,Wildberries,Косино-Ухтомский,ВАО,55.70662168825803,37.898680371951656,143
КОС-008,Ozon,Косино-Ухтомский,ВАО,55.722816742337436,37.89970291837885,143
КОС-009,Ozon,Косино-Ухтомский,ВАО,55.71173815371042,37.90127115223106,156
МЕТ-001,Ozon,Метрогородок,ВАО,55.826904363532094,37.731448231019776,82
МЕТ-002,Ozon,Метрогородок,ВАО,55.8559570943032,37.72705943999674,125
МЕТ-003,Ozon,Метрогородок,ВАО,55.85181019564191,37.71913147625217,128
МЕТ-004,Ozon,Метрогородок,ВАО,55.8369262297028,37.71618650140583,78
МЕТ-005,Lamoda,Метрогородок,ВАО,55.82172716448781,37.7323387597539,183
МЕТ-006,Ozon,Метрогородок,ВАО,55.82415489436159,37.73227907034439,169
НОВ-001,Ozon,Новогиреево,ВАО,55.72528383744438,37.80802577455627,82
НОВ-002,Wildberries,Новогиреево,ВАО,55.73064411898777,37.81133923923428,155
НОВ-003,Wildberries,Новогиреево,ВАО,55.73573548307711,37.77895266402995,110
НОВ-004,Ozon,Новогиреево,ВАО,55.730766321105854,37.810261165616296,104
НОВ-005,Wildberries,Новогиреево,ВАО,55.74272368518635,37.8176805950077,141
НОВ-006,Ozon,Новогиреево,ВАО,55.75680781427561,37.79089399706391,121
НОВ-007,Wildberries,Новогиреево,ВАО,55.74374051595205,37.810050440572034,92
НОВ-008,Wildberries,Новогиреево,ВАО,55.75600085931241,37.76981902197218,161
НОВ-009,Wildberries,Новогиреево,ВАО,55.74198596574736,37.81712911695164,108
НОВ-010,Wildberries,Новогиреево,ВАО,55.73625370931343,37.8171478094964,52
НОВ-011,Wildberries,Новогиреево,ВАО,55.748717328865524,37.79051619657524,99
НОВ-001,Wildberries,Новокосино,ВАО,55.7507940424103,37.87219969514572,59
НОВ-002,Wildberries,Новокосино,ВАО,55.730041112051865,37.87893268105008,72
НОВ-003,Lamoda,Новокосино,ВАО,55.73999980312579,37.849467348552004,96
НОВ-004,Wildberries,Новокосино,ВАО,55.72510391917581,37.86454848374533,77
НОВ-005,Lamoda,Новокосино,ВАО,55.73584322234982,37.84177628707155,93
НОВ-006,Ozon,Новокосино,ВАО,55.72994474713569,37.88742211864765,121
НОВ-007,Ozon,Новокосино,ВАО,55.71908256044389,37.855563003824926,127
НОВ-008,Wildberries,Новокосино,ВАО,55.75129609412221,37.84897820239775,109
НОВ-009,Ozon,Новокосино,ВАО,55.74237118791258,37.855724680566304,110
НОВ-010,Ozon,Новокосино,ВАО,55.7315866869113,37.86923168785053,128
НОВ-011,Ozon,Новокосино,ВАО,55.73523383999845,37.87296908979481,111
НОВ-012,Ozon,Новокосино,ВАО,55.74165562035866,37.883769601624216,73
НОВ-013,Wildberries,Новокосино,ВАО,55.71768128606514,37.86601783932731,175
ПЕР-001,Ozon,Перово,ВАО,55.744600696696935,37.774830047051026,111
ПЕР-002,Wildberries,Перово,ВАО,55.74784758293687,37.77683805457268,93
ПЕР-003,Ozon,Перово,ВАО,55.73500316907147,37.77914618095823,139
ПЕР-004,Ozon,Перово,ВАО,55.76290813623532,37.77551189229013,133
ПЕР-005,Wildberries,Перово,ВАО,55.75022761008955,37.768087618707604,197
ПЕР-006,Ozon,Перово,ВАО,55.74333555778912,37.77966559852656,128
ПЕР-007,Ozon,Перово,ВАО,55.764798229377334,37.77332714574095,81
ПЕР-008,Wildberries,Перово,ВАО,55.75883419718173,37.75928297674179,182
ПЕР-009,Wildberries,Перово,ВАО,55.75120373693507,37.79354010631262,125
ПЕР-010,Wildberries,Перово,ВАО,55.74340248893031,37.781439685916844,136
ПЕР-011,Wildberries,Перово,ВАО,55.74184625407616,37.77601663889515,117
ПЕР-012,Lamoda,Перово,ВАО,55.73366434210668,37.78123932119088,28
ПЕР-013,Ozon,Перово,ВАО,55.745589093629526,37.79015643992772,102
ПЕР-014,Ozon,Перово,ВАО,55.74656312422772,37.77582245848699,145
ПЕР-015,Wildberries,Перово,ВАО,55.76328474893655,37.76253310611988,130
ПЕР-016,Ozon,Перово,ВАО,55.759246540224055,37.797454819165985,93
ПЕР-017,Ozon,Перово,ВАО,55.739394069020626,37.782382791443744,137
ПЕР-018,Lamoda,Перово,ВАО,55.737850605733286,37.78365988816511,77
ПРЕ-001,Ozon,Преображенское,ВАО,55.82913367862732,37.72198456806349,140
ПРЕ-002,Lamoda,Преображенское,ВАО,55.7731218576966,37.71035452194827,81
ПРЕ-003,Lamoda,Преображенское,ВАО,55.81551273685359,37.72086150452094,133
ПРЕ-004,Wildberries,Преображенское,ВАО,55.79276996456032,37.7291617624915,118
ПРЕ-005,Lamoda,Преображенское,ВАО,55.7924923659755,37.713481319615845,70
ПРЕ-006,Ozon,Преображенское,ВАО,55.791705674736846,37.71826511460855,74
ПРЕ-007,Ozon,Преображенское,ВАО,55.795489448305524,37.69171505823192,87
ПРЕ-008,Ozon,Преображенское,ВАО,55.79948912230239,37.70374305530783,125
ПРЕ-009,Lamoda,Преображенское,ВАО,55.804169293057534,37.71644372486046,103
СЕВ-001,Wildberries,Северное Измайлово,ВАО,55.80890623327092,37.809312066717304,124
СЕВ-002,Ozon,Северное Измайлово,ВАО,55.8077000959887,37.81117548323766,150
СЕВ-003,Lamoda,Северное Измайлово,ВАО,55.784867257030754,37.82028113291626,128
СЕВ-004,Ozon,Северное Измайлово,ВАО,55.797999151626584,37.81102171015252,110
СЕВ-005,Wildberries,Северное Измайлово,ВАО,55.82337556791696,37.78919177288747,92
СЕВ-006,Ozon,Северное Измайлово,ВАО,55.811250444777855,37.807715335056166,151
СЕВ-007,Ozon,Северное Измайлово,ВАО,55.81243759286047,37.7986487075323,122
СЕВ-008,Ozon,Северное Измайлово,ВАО,55.80914616322303,37.81102969633507,139
СЕВ-009,Wildberries,Северное Измайлово,ВАО,55.79685547377391,37.80257127374083,119
СЕВ-010,Ozon,Северное Измайлово,ВАО,55.83304328927889,37.79547394530159,134
СЕВ-011,Wildberries,Северное Измайлово,ВАО,55.807741008562395,37.82981336007415,106
СЕВ-012,Lamoda,Северное Измайлово,ВАО,55.796979316654486,37.79754092182236,128
СОК-001,Ozon,Соколиная Гора,ВАО,55.77462913800829,37.751209378192016,116
СОК-002,Lamoda,Соколиная Гора,ВАО,55.80324782128736,37.740830851793305,94
СОК-003,Ozon,Соколиная Гора,ВАО,55.759487841025624,37.74733883227028,107
СОК-004,Wildberries,Соколиная Гора,ВАО,55.77003789590674,37.74487790889529,90
СОК-005,Lamoda,Соколиная Гора,ВАО,55.77349156768618,37.7433115114164,131
СОК-006,Wildberries,Соколиная Гора,ВАО,55.7789298181051,37.727173668874855,101
СОК-007,Ozon,Соколиная Гора,ВАО,55.786413900183824,37.74370105849233,141
СОК-008,Ozon,Соколиная Гора,ВАО,55.80455179097886,37.71558928675308,94
СОК-009,Ozon,Соколиная Гора,ВАО,55.76059016453141,37.72316900102876,109
СОК-001,Lamoda,Сокольники,ВАО,55.80398184535716,37.69338466797715,137
СОК-002,Ozon,Сокольники,ВАО,55.798880558258126,37.71306604483159,128
СОК-003,Ozon,Сокольники,ВАО,55.79133295655082,37.66672628813165,120
СОК-004,Ozon,Сокольники,ВАО,55.797740357125214,37.711743437348794,139
СОК-005,Ozon,Сокольники,ВАО,55.79218858364471,37.67562258530401,121
СОК-006,Ozon,Сокольники,ВАО,55.781085726694634,37.68544863972579,120
БИР-001,Ozon,Бирюлёво Восточное,ЮАО,55.58193931505184,37.67292557781695,113
БИР-002,Ozon,Бирюлёво Восточное,ЮАО,55.59895749899061,37.692370274459414,109
БИР-003,Lamoda,Бирюлёво Восточное,ЮАО,55.596951868082414,37.68673013899693,104
БИР-004,Wildberries,Бирюлёво Восточное,ЮАО,55.603455024093876,37.6949002375879,182
БИР-005,Wildberries,Бирюлёво Восточное,ЮАО,55.59186677851199,37.67953533235943,116
БИР-006,Wildberries,Бирюлёво Восточное,ЮАО,55.57387325596123,37.680512153352346,93
БИР-007,Wildberries,Бирюлёво Восточное,ЮАО,55.582171477499614,37.66620409984987,128
БИР-008,Wildberries,Бирюлёво Восточное,ЮАО,55.598651383655856,37.70563036519701,129
БИР-009,Ozon,Бирюлёво Восточное,ЮАО,55.5787692640536,37.66395711071357,175
БИР-010,Ozon,Бирюлёво Восточное,ЮАО,55.57917267114238,37.6789308129454,116
БИР-011,Ozon,Бирюлёво Восточное,ЮАО,55.588040321375445,37.6941525086118,91
БИР-012,Wildberries,Бирюлёво Восточное,ЮАО,55.6030111234508,37.68530756294326,98
БИР-013,Wildberries,Бирюлёво Восточное,ЮАО,55.58276451972274,37.67874354675781,160
БИР-014,Lamoda,Бирюлёво Восточное,ЮАО,55.59068576142187,37.68750173591874,36
БИР-015,Ozon,Бирюлёво Восточное,ЮАО,55.577510593133525,37.683383945921484,128
БИР-016,Wildberries,Бирюлёво Восточное,ЮАО,55.598311092570725,37.65087251409924,92
БИР-017,Ozon,Бирюлёво Восточное,ЮАО,55.58936024136656,37.68513132875708,147
БИР-018,Ozon,Бирюлёво Восточное,ЮАО,55.58912870068935,37.657243955866555,104
БИР-001,Ozon,Бирюлёво Западное,ЮАО,55.60607529676146,37.64560071956721,124
БИР-002,Lamoda,Бирюлёво Западное,ЮАО,55.58316293964746,37.65733426990268,100
БИР-003,Wildberries,Бирюлёво Западное,ЮАО,55.61332296865972,37.634860267098524,158
БИР-004,Ozon,Бирюлёво Западное,ЮАО,55.60400270963455,37.639056110972575,144
БИР-005,Ozon,Бирюлёво Западное,ЮАО,55.61015207603151,37.615735928185856,135
БИР-006,Ozon,Бирюлёво Западное,ЮАО,55.612932409678436,37.629580740203295,160
БИР-007,Ozon,Бирюлёво Западное,ЮАО,55.62937020924364,37.62569997916502,102
БИР-008,Ozon,Бирюлёво Западное,ЮАО,55.59261733419954,37.62401975100284,23
БИР-009,Wildberries,Бирюлёво Западное,ЮАО,55.6029322967164,37.62878133785393,187
БИР-010,Wildberries,Бирюлёво Западное,ЮАО,55.61399234866221,37.63783704495276,148
БИР-011,Ozon,Бирюлёво Западное,ЮАО,55.614925415582846,37.63537127220159,137
БРА-001,Wildberries,Братеево,ЮАО,55.62325788250245,37.764913883255666,198
БРА-002,Wildberries,Братеево,ЮАО,55.631750886714215,37.77514744283901,159
БРА-003,Ozon,Братеево,ЮАО,55.59811664356449,37.76625452925235,42
БРА-004,Wildberries,Братеево,ЮАО,55.62875099445429,37.772050183667034,88
БРА-005,Ozon,Братеево,ЮАО,55.62984636060967,37.7596508541491,102
БРА-006,Wildberries,Братеево,ЮАО,55.65992653870436,37.770068401997,156
БРА-007,Ozon,Братеево,ЮАО,55.644470853726204,37.75777323535376,48
БРА-008,Ozon,Братеево,ЮАО,55.636458136519934,37.74841649068719,113
БРА-009,Ozon,Братеево,ЮАО,55.644741659022095,37.76904757961345,142
БРА-010,Wildberries,Братеево,ЮАО,55.62627031696935,37.7624247708189,78
БРА-011,Ozon,Братеево,ЮАО,55.62851828156411,37.76394197850384,162
ДАН-001,Wildberries,Даниловский,ЮАО,55.704606334724375,37.62547970396723,136
ДАН-002,Wildberries,Даниловский,ЮАО,55.734343808288465,37.64313965033061,106
ДАН-003,Ozon,Даниловский,ЮАО,55.7260495124445,37.61649894921582,111
ДАН-004,Wildberries,Даниловский,ЮАО,55.73569756291337,37.625450516751116,34
ДАН-005,Ozon,Даниловский,ЮАО,55.70819435560665,37.630218456679884,116
ДАН-006,Wildberries,Даниловский,ЮАО,55.726066704825314,37.6113125058464,101
ДАН-007,Wildberries,Даниловский,ЮАО,55.70921360053976,37.61040120387539,143
ДАН-008,Ozon,Даниловский,ЮАО,55.716042675352185,37.606176737205,144
ДАН-009,Ozon,Даниловский,ЮАО,55.72028820916608,37.61905731848972,79
ДАН-010,Ozon,Даниловский,ЮАО,55.71438304716677,37.62197638538199,140
ДАН-011,Wildberries,Даниловский,ЮАО,55.72834490830396,37.63308096237435,95
ДАН-012,Wildberries,Даниловский,ЮАО,55.72349443628887,37.61931560578064,62
ДОН-001,Ozon,Донской,ЮАО,55.70544023520078,37.57629428100406,101
ДОН-002,Ozon,Донской,ЮАО,55.728603416873845,37.58432728399811,69
ДОН-003,Wildberries,Донской,ЮАО,55.725976443657366,37.595820832076114,97
ДОН-004,Ozon,Донской,ЮАО,55.68177008820446,37.58242630312676,110
ДОН-005,Ozon,Донской,ЮАО,55.7044665247098,37.60597186884164,159
ДОН-006,Ozon,Донской,ЮАО,55.70277310409002,37.604558586656026,183
ДОН-007,Ozon,Донской,ЮАО,55.72202625861445,37.59254084095249,123
ДОН-008,Wildberries,Донской,ЮАО,55.69819914655938,37.59296340420892,129
ЗЯБ-001,Lamoda,Зябликово,ЮАО,55.62381918157346,37.74877694382507,85
ЗЯБ-002,Ozon,Зябликово,ЮАО,55.63280994083338,37.77316637061458,106
ЗЯБ-003,Wildberries,Зябликово,ЮАО,55.63220541412755,37.751752105056525,101
ЗЯБ-004,Ozon,Зябликово,ЮАО,55.62947139372728,37.731991844140765,105
ЗЯБ-005,Wildberries,Зябликово,ЮАО,55.63492908788653,37.73466767163542,55
ЗЯБ-006,Ozon,Зябликово,ЮАО,55.60786486686819,37.72616484241118,114
ЗЯБ-007,Ozon,Зябликово,ЮАО,55.61454476415081,37.732633824409795,104
ЗЯБ-008,Wildberries,Зябликово,ЮАО,55.63092119474183,37.74211640801289,103
ЗЯБ-009,Ozon,Зябликово,ЮАО,55.626910781308084,37.74893288390981,88
ЗЯБ-010,Wildberries,Зябликово,ЮАО,55.59859838884471,37.74446342043962,146
ЗЯБ-011,Ozon,Зябликово,ЮАО,55.644776147622345,37.73134799366034,127
ЗЯБ-012,Ozon,Зябликово,ЮАО,55.62177425165934,37.74055098901352,123
ЗЯБ-013,Ozon,Зябликово,ЮАО,55.63951065850396,37.74189585209553,148
ЗЯБ-014,Ozon,Зябликово,ЮАО,55.63216928910138,37.73277895674365,158
ЗЯБ-015,Wildberries,Зябликово,ЮАО,55.621512817013006,37.71561233313989,100
ЗЯБ-016,Wildberries,Зябликово,ЮАО,55.62961474511297,37.74490981821368,155
МОС-001,Ozon,Москворечье-Сабурово,ЮАО,55.655498637493004,37.67076013798796,173
МОС-002,Wildberries,Москворечье-Сабурово,ЮАО,55.65174904806152,37.65604152899117,98
МОС-003,Ozon,Москворечье-Сабурово,ЮАО,55.64348039135946,37.669385620658545,124
МОС-004,Wildberries,Москворечье-Сабурово,ЮАО,55.64101772995458,37.67695898208141,139
МОС-005,Wildberries,Москворечье-Сабурово,ЮАО,55.638303001764676,37.681114579380655,112
МОС-006,Wildberries,Москворечье-Сабурово,ЮАО,55.66360252186866,37.667915763985945,117
МОС-007,Ozon,Москворечье-Сабурово,ЮАО,55.65387415840109,37.653223253065484,160
МОС-008,Ozon,Москворечье-Сабурово,ЮАО,55.64382211834943,37.66147323153222,113
НАГ-001,Ozon,Нагатино-Садовники,ЮАО,55.654123961742926,37.62291966352659,141
НАГ-002,Lamoda,Нагатино-Садовники,ЮАО,55.67027096955829,37.64727550548397,108
НАГ-003,Wildberries,Нагатино-Садовники,ЮАО,55.6639613782071,37.63653740231877,109
НАГ-004,Wildberries,Нагатино-Садовники,ЮАО,55.6436883627436,37.648380222300105,61
НАГ-005,Lamoda,Нагатино-Садовники,ЮАО,55.6593045459063,37.617362425488395,133
НАГ-006,Ozon,Нагатино-Садовники,ЮАО,55.639317599617414,37.65245758213784,170
НАГ-007,Wildberries,Нагатино-Садовники,ЮАО,55.66881555301597,37.64293546271148,166
НАГ-008,Ozon,Нагатино-Садовники,ЮАО,55.67811090016266,37.631084313821795,127
НАГ-009,Wildberries,Нагатино-Садовники,ЮАО,55.642792672101145,37.648015092964,199
НАГ-010,Ozon,Нагатино-Садовники,ЮАО,55.68218903270545,37.644577741810096,117
НАГ-011,Wildberries,Нагатино-Садовники,ЮАО,55.65471815595234,37.63081746280174,164
НАГ-001,Wildberries,Нагатинский Затон,ЮАО,55.667306724212956,37.70801598565464,116
НАГ-002,Wildberries,Нагатинский Затон,ЮАО,55.684722623673224,37.70833220561749,122
НАГ-003,Wildberries,Нагатинский Затон,ЮАО,55.68291295407712,37.70389021126963,90
НАГ-004,Lamoda,Нагатинский Затон,ЮАО,55.68483789907846,37.70495596910414,63
НАГ-005,Wildberries,Нагатинский Затон,ЮАО,55.69405460425503,37.699842693419505,53
НАГ-006,Ozon,Нагатинский Затон,ЮАО,55.67267460634777,37.71333580383052,116
НАГ-007,Ozon,Нагатинский Затон,ЮАО,55.6933474549431,37.68563008434974,85
НАГ-008,Lamoda,Нагатинский Затон,ЮАО,55.68912607359545,37.68042947296863,61
НАГ-009,Wildberries,Нагатинский Затон,ЮАО,55.6719642602492,37.691693287844956,55
НАГ-010,Wildberries,Нагатинский Затон,ЮАО,55.67910919244043,37.70756453429147,93
НАГ-011,Wildberries,Нагатинский Затон,ЮАО,55.67098532770984,37.68820289838097,173
НАГ-012,Ozon,Нагатинский Затон,ЮАО,55.672575703251866,37.69453840242583,167
НАГ-013,Ozon,Нагатинский Затон,ЮАО,55.66939848184876,37.695890794279045,123
НАГ-014,Lamoda,Нагатинский Затон,ЮАО,55.6785317793682,37.69646387432542,159
НАГ-001,Ozon,Нагорный,ЮАО,55.68878730619079,37.60712696115585,112
НАГ-002,Lamoda,Нагорный,ЮАО,55.66727594446393,37.618141155757,116
НАГ-003,Wildberries,Нагорный,ЮАО,55.6628161652965,37.62844217828853,114
НАГ-004,Ozon,Нагорный,ЮАО,55.66813457072247,37.61457193634973,203
НАГ-005,Ozon,Нагорный,ЮАО,55.65152443185225,37.6265165555116,91
НАГ-006,Wildberries,Нагорный,ЮАО,55.667267187325635,37.61429542730762,86
НАГ-007,Wildberries,Нагорный,ЮАО,55.67969598976973,37.598977767300866,95
НАГ-008,Ozon,Нагорный,ЮАО,55.65715242064034,37.60600674214257,124
НАГ-009,Ozon,Нагорный,ЮАО,55.67104168793587,37.610838653885274,97
ОРЕ-001,Wildberries,Орехово-Борисово Северное,ЮАО,55.636427732255704,37.6955689437614,136
ОРЕ-002,Ozon,Орехово-Борисово Северное,ЮАО,55.623581842898545,37.71993086284219,137
ОРЕ-003,Ozon,Орехово-Борисово Северное,ЮАО,55.624643942335446,37.71593587338746,112
ОРЕ-004,Ozon,Орехово-Борисово Северное,ЮАО,55.61091460826426,37.68331503855348,124
ОРЕ-005,Wildberries,Орехово-Борисово Северное,ЮАО,55.616318742603355,37.7165836156195,53
ОРЕ-006,Wildberries,Орехово-Борисово Северное,ЮАО,55.60681160781614,37.700381670151216,107
ОРЕ-007,Lamoda,Орехово-Борисово Северное,ЮАО,55.63064817470718,37.70708478382057,125
ОРЕ-008,Wildberries,Орехово-Борисово Северное,ЮАО,55.60885220649432,37.71142803271043,81
ОРЕ-009,Ozon,Орехово-Борисово Северное,ЮАО,55.63342970478351,37.703671883692806,113
ОРЕ-010,Wildberries,Орехово-Борисово Северное,ЮАО,55.58485777431687,37.70476860708958,116
ОРЕ-011,Lamoda,Орехово-Борисово Северное,ЮАО,55.62767438491285,37.70024428140897,80
ОРЕ-012,Wildberries,Орехово-Борисово Северное,ЮАО,55.62000666056705,37.70252071540672,125
ОРЕ-013,Ozon,Орехово-Борисово Северное,ЮАО,55.60616358012167,37.703249913941725,165
ОРЕ-014,Ozon,Орехово-Борисово Северное,ЮАО,55.62135175492744,37.69411696644407,107
ОРЕ-015,Lamoda,Орехово-Борисово Северное,ЮАО,55.61716138616968,37.72323657584087,75
ОРЕ-016,Wildberries,Орехово-Борисово Северное,ЮАО,55.60357277991612,37.721870527907285,103
ОРЕ-017,Wildberries,Орехово-Борисово Северное,ЮАО,55.614362599464805,37.68980843392691,111
ОРЕ-001,Wildberries,Орехово-Борисово Южное,ЮАО,55.59536174795327,37.735434897010606,90
ОРЕ-002,Ozon,Орехово-Борисово Южное,ЮАО,55.61783113277875,37.74158512193359,156
ОРЕ-003,Ozon,Орехово-Борисово Южное,ЮАО,55.60359569295875,37.73666119441776,133
ОРЕ-004,Ozon,Орехово-Борисово Южное,ЮАО,55.586168139925356,37.72903051010357,157
ОРЕ-005,Ozon,Орехово-Борисово Южное,ЮАО,55.61326211434689,37.73164250811547,146
ОРЕ-006,Ozon,Орехово-Борисово Южное,ЮАО,55.59726341886367,37.70826049497189,101
ОРЕ-007,Wildberries,Орехово-Борисово Южное,ЮАО,55.599092954924465,37.71933548788758,56
ОРЕ-008,Ozon,Орехово-Борисово Южное,ЮАО,55.61550556546388,37.73690275954917,153
ОРЕ-009,Wildberries,Орехово-Борисово Южное,ЮАО,55.60266505550462,37.7256988385244,105
ОРЕ-010,Ozon,Орехово-Борисово Южное,ЮАО,55.61226794614237,37.72209840247765,136
ОРЕ-011,Ozon,Орехово-Борисово Южное,ЮАО,55.62365108238985,37.71973117862418,137
ОРЕ-012,Ozon,Орехово-Борисово Южное,ЮАО,55.61021422429724,37.728797647675705,120
ОРЕ-013,Ozon,Орехово-Борисово Южное,ЮАО,55.59867661989964,37.72227020661663,171
ОРЕ-014,Wildberries,Орехово-Борисово Южное,ЮАО,55.59616744653418,37.72146843661153,158
ОРЕ-015,Wildberries,Орехово-Борисово Южное,ЮАО,55.59872278940876,37.73438795791265,110
ОРЕ-016,Ozon,Орехово-Борисово Южное,ЮАО,55.59787426826737,37.72454863939772,153
ОРЕ-017,Ozon,Орехово-Борисово Южное,ЮАО,55.593814083615364,37.71739769033896,123
ОРЕ-018,Wildberries,Орехово-Борисово Южное,ЮАО,55.582610219793146,37.73100400304871,71
ЦАР-001,Ozon,Царицыно,ЮАО,55.630534745597416,37.642831532162255,101
ЦАР-002,Ozon,Царицыно,ЮАО,55.62848481981462,37.630328143665245,147
ЦАР-003,Ozon,Царицыно,ЮАО,55.64502597833446,37.62938881832833,130
ЦАР-004,Lamoda,Царицыно,ЮАО,55.62253346179291,37.647987711261685,115
ЦАР-005,Lamoda,Царицыно,ЮАО,55.658001839058336,37.627905355563534,207
ЦАР-006,Ozon,Царицыно,ЮАО,55.64667596614611,37.65952360805386,85
ЦАР-007,Ozon,Царицыно,ЮАО,55.633617481683,37.65452959233909,128
ЦАР-008,Lamoda,Царицыно,ЮАО,55.63581268113194,37.64586314345038,158
ЦАР-009,Ozon,Царицыно,ЮАО,55.64368964734604,37.639902592216394,83
ЦАР-010,Ozon,Царицыно,ЮАО,55.627458029986016,37.65731202350733,154
ЦАР-011,Ozon,Царицыно,ЮАО,55.65207891484008,37.66429926500868,128
ЦАР-012,Wildberries,Царицыно,ЮАО,55.65381240640741,37.647145424071155,124
ЦАР-013,Wildberries,Царицыно,ЮАО,55.62423040269862,37.63025395911971,142
ЦАР-014,Wildberries,Царицыно,ЮАО,55.671622261362145,37.63484474929215,75
ЦАР-015,Ozon,Царицыно,ЮАО,55.6532596483618,37.648652708166814,140
ЦАР-016,Wildberries,Царицыно,ЮАО,55.626777748065884,37.634994243533846,53
ЦАР-017,Ozon,Царицыно,ЮАО,55.60799395515486,37.63201128069045,101
ЦАР-018,Ozon,Царицыно,ЮАО,55.63966478864067,37.651544594586326,151
ЦАР-019,Wildberries,Царицыно,ЮАО,55.64859764008652,37.64785461148339,130
ЦАР-020,Wildberries,Царицыно,ЮАО,55.63660776698288,37.64311130056449,108
ЦАР-021,Ozon,Царицыно,ЮАО,55.639967288573104,37.64674945019448,96
ЧЕР-001,Ozon,Чертаново Северное,ЮАО,55.643078007900364,37.59397350161772,89
ЧЕР-002,Ozon,Чертаново Северное,ЮАО,55.62460652608799,37.57615208205919,155
ЧЕР-003,Wildberries,Чертаново Северное,ЮАО,55.62642512272301,37.593524249827524,159
ЧЕР-004,Wildberries,Чертаново Северное,ЮАО,55.61694250629178,37.599556613632686,103
ЧЕР-005,Wildberries,Чертаново Северное,ЮАО,55.63131847514154,37.566209663608554,132
ЧЕР-006,Ozon,Чертаново Северное,ЮАО,55.65024295526806,37.615001541048414,84
ЧЕР-007,Ozon,Чертаново Северное,ЮАО,55.622667977328675,37.59572156237634,75
ЧЕР-008,Wildberries,Чертаново Северное,ЮАО,55.62321695143716,37.603812752945046,148
ЧЕР-009,Wildberries,Чертаново Северное,ЮАО,55.615126854788855,37.58929041637594,93
ЧЕР-010,Lamoda,Чертаново Северное,ЮАО,55.64547013003932,37.60570671661571,93
ЧЕР-011,Ozon,Чертаново Северное,ЮАО,55.610128369027954,37.610089613320326,105
ЧЕР-012,Wildberries,Чертаново Северное,ЮАО,55.65104383532675,37.60821200892919,120
ЧЕР-013,Ozon,Чертаново Северное,ЮАО,55.62974669725176,37.59575604316399,176
ЧЕР-014,Ozon,Чертаново Северное,ЮАО,55.64004426020199,37.60706133089218,79
ЧЕР-001,Ozon,Чертаново Центральное,ЮАО,55.61175564287882,37.564219213628974,45
ЧЕР-002,Wildberries,Чертаново Центральное,ЮАО,55.62166514667787,37.59577795076233,126
ЧЕР-003,Lamoda,Чертаново Центральное,ЮАО,55.60006139255644,37.59408315572804,130
ЧЕР-004,Ozon,Чертаново Центральное,ЮАО,55.61563038887575,37.575212963969236,169
ЧЕР-005,Wildberries,Чертаново Центральное,ЮАО,55.639667269912096,37.59402266409124,155
ЧЕР-006,Wildberries,Чертаново Центральное,ЮАО,55.61492154194763,37.587404003979586,124
ЧЕР-007,Ozon,Чертаново Центральное,ЮАО,55.605879365827775,37.59291182298793,98
ЧЕР-008,Ozon,Чертаново Центральное,ЮАО,55.61421369869581,37.61295514179861,113
ЧЕР-009,Wildberries,Чертаново Центральное,ЮАО,55.59943409907501,37.589047484875834,127
ЧЕР-010,Ozon,Чертаново Центральное,ЮАО,55.617954261266874,37.611017000312565,142
ЧЕР-011,Ozon,Чертаново Центральное,ЮАО,55.6145819613271,37.62309502850607,103
ЧЕР-012,Ozon,Чертаново Центральное,ЮАО,55.60076983373849,37.62238465203695,148
ЧЕР-013,Ozon,Чертаново Центральное,ЮАО,55.630278740297236,37.602664662199665,188
ЧЕР-014,Lamoda,Чертаново Центральное,ЮАО,55.612106146634986,37.588862099370935,50
ЧЕР-015,Wildberries,Чертаново Центральное,ЮАО,55.61204570926512,37.603287930438086,202
ЧЕР-001,Wildberries,Чертаново Южное,ЮАО,55.58996256712972,37.6084949443986,100
ЧЕР-002,Wildberries,Чертаново Южное,ЮАО,55.601224868335926,37.601191648048854,48
ЧЕР-003,Lamoda,Чертаново Южное,ЮАО,55.606553427458955,37.60147111555975,93
ЧЕР-004,Ozon,Чертаново Южное,ЮАО,55.588697437166644,37.605476776486164,72
ЧЕР-005,Lamoda,Чертаново Южное,ЮАО,55.591814066151386,37.595449961196856,140
ЧЕР-006,Ozon,Чертаново Южное,ЮАО,55.59282414120828,37.60974697959533,137
ЧЕР-007,Ozon,Чертаново Южное,ЮАО,55.58738799386224,37.586629762329544,117
ЧЕР-008,Wildberries,Чертаново Южное,ЮАО,55.587110255013826,37.58597032829062,102
ЧЕР-009,Ozon,Чертаново Южное,ЮАО,55.58405642912686,37.60247161555956,138
ЧЕР-010,Ozon,Чертаново Южное,ЮАО,55.605621310760206,37.60859828085527,87
ЧЕР-011,Wildberries,Чертаново Южное,ЮАО,55.58762933937551,37.59123387187593,80
ЧЕР-012,Ozon,Чертаново Южное,ЮАО,55.5828444418896,37.58858580328567,108
ЧЕР-013,Wildberries,Чертаново Южное,ЮАО,55.59092945358802,37.62630968507546,125
ЧЕР-014,Wildberries,Чертаново Южное,ЮАО,55.588588191684885,37.59972587990412,135
ЧЕР-015,Lamoda,Чертаново Южное,ЮАО,55.578394751513294,37.606956528860934,127
ЧЕР-016,Wildberries,Чертаново Южное,ЮАО,55.59778698247816,37.61185945889245,89
ЧЕР-017,Ozon,Чертаново Южное,ЮАО,55.56783434594894,37.58154229864659,156
АКА-001,Ozon,Академический,ЮЗАО,55.675136203852965,37.584033113179466,101
АКА-002,Lamoda,Академический,ЮЗАО,55.69731375186032,37.56733878849875,88
АКА-003,Ozon,Академический,ЮЗАО,55.7000747570412,37.59613751242384,96
АКА-004,Ozon,Академический,ЮЗАО,55.67903213203057,37.60319410096884,80
АКА-005,Lamoda,Академический,ЮЗАО,55.680564006270394,37.6054385462635,140
АКА-006,Wildberries,Академический,ЮЗАО,55.68217497779771,37.59065376326865,156
АКА-007,Ozon,Академический,ЮЗАО,55.68897773892378,37.590379825197694,124
АКА-008,Wildberries,Академический,ЮЗАО,55.678686151256535,37.58410102812378,162
АКА-009,Wildberries,Академический,ЮЗАО,55.69779619260147,37.584727077938396,146
АКА-010,Ozon,Академический,ЮЗАО,55.68660306802912,37.57139002014989,76
АКА-011,Wildberries,Академический,ЮЗАО,55.69066799923124,37.58953141862007,139
АКА-012,Ozon,Академический,ЮЗАО,55.69512123954035,37.580767391651236,134
АКА-013,Lamoda,Академический,ЮЗАО,55.692878310659886,37.58930060102939,96
АКА-014,Ozon,Академический,ЮЗАО,55.680958609436665,37.57496150844777,80
ГАГ-001,Wildberries,Гагаринский,ЮЗАО,55.6991439929764,37.580195991246335,113
ГАГ-002,Wildberries,Гагаринский,ЮЗАО,55.683186566198,37.553799286838654,128
ГАГ-003,Ozon,Гагаринский,ЮЗАО,55.6971626934464,37.566557018957646,116
ГАГ-004,Wildberries,Гагаринский,ЮЗАО,55.69556457814127,37.55977546445634,88
ГАГ-005,Ozon,Гагаринский,ЮЗАО,55.691086460075965,37.549230763070966,92
ГАГ-006,Ozon,Гагаринский,ЮЗАО,55.68953305972352,37.53904581477364,95
ГАГ-007,Ozon,Гагаринский,ЮЗАО,55.69925479111707,37.56318719808372,143
ГАГ-008,Ozon,Гагаринский,ЮЗАО,55.696780072047694,37.546016926253685,98
ГАГ-009,Ozon,Гагаринский,ЮЗАО,55.67843412047049,37.569300153689305,144
ГАГ-010,Wildberries,Гагаринский,ЮЗАО,55.69316654351797,37.56585133220939,58
ЗЮЗ-001,Wildberries,Зюзино,ЮЗАО,55.65987106784511,37.599980325546646,133
ЗЮЗ-002,Wildberries,Зюзино,ЮЗАО,55.63976915258036,37.583910360350664,139
ЗЮЗ-003,Ozon,Зюзино,ЮЗАО,55.64133032255647,37.580681817935236,94
ЗЮЗ-004,Wildberries,Зюзино,ЮЗАО,55.64140101991482,37.575390389151174,91
ЗЮЗ-005,Wildberries,Зюзино,ЮЗАО,55.64357849780801,37.591065368225195,157
ЗЮЗ-006,Wildberries,Зюзино,ЮЗАО,55.65526828078412,37.60475209114987,105
ЗЮЗ-007,Wildberries,Зюзино,ЮЗАО,55.671707579656726,37.588780585397195,158
ЗЮЗ-008,Ozon,Зюзино,ЮЗАО,55.65363149405013,37.59821129671203,131
ЗЮЗ-009,Ozon,Зюзино,ЮЗАО,55.65116548343067,37.592949483146235,117
ЗЮЗ-010,Ozon,Зюзино,ЮЗАО,55.645443479551716,37.60465873492371,136
ЗЮЗ-011,Wildberries,Зюзино,ЮЗАО,55.672244783790816,37.61926412731443,155
ЗЮЗ-012,Lamoda,Зюзино,ЮЗАО,55.65877008646428,37.572516951307996,55
ЗЮЗ-013,Ozon,Зюзино,ЮЗАО,55.65064188419229,37.58148009500493,117
ЗЮЗ-014,Lamoda,Зюзино,ЮЗАО,55.64216952879535,37.59984203379919,69
ЗЮЗ-015,Ozon,Зюзино,ЮЗАО,55.67586407808249,37.5795515497822,150
ЗЮЗ-016,Lamoda,Зюзино,ЮЗАО,55.66429515500325,37.60562294043129,145
КОН-001,Wildberries,Коньково,ЮЗАО,55.65517657717455,37.51753941037006,129
КОН-002,Ozon,Коньково,ЮЗАО,55.64763413140009,37.5318152078584,90
КОН-003,Wildberries,Коньково,ЮЗАО,55.652280844853195,37.53000174267591,160
КОН-004,Wildberries,Коньково,ЮЗАО,55.62495068836553,37.53936528391773,107
КОН-005,Ozon,Коньково,ЮЗАО,55.6340431475519,37.547503348268485,89
КОН-006,Wildberries,Коньково,ЮЗАО,55.64310204512602,37.51466553982063,131
КОН-007,Ozon,Коньково,ЮЗАО,55.63592711476533,37.53251344157406,23
КОН-008,Wildberries,Коньково,ЮЗАО,55.63805615326254,37.51794975651676,157
КОН-009,Wildberries,Коньково,ЮЗАО,55.63968293084853,37.52324541324821,52
КОН-010,Ozon,Коньково,ЮЗАО,55.6533457825271,37.50245231998312,93
КОН-011,Wildberries,Коньково,ЮЗАО,55.662736123101155,37.53699497293164,100
КОН-012,Ozon,Коньково,ЮЗАО,55.632926470847636,37.53988092539049,72
КОН-013,Ozon,Коньково,ЮЗАО,55.636939056948,37.51542967685438,112
КОН-014,Ozon,Коньково,ЮЗАО,55.635875679527345,37.534419169817625,99
КОН-015,Lamoda,Коньково,ЮЗАО,55.64711932543809,37.52704065108919,104
КОН-016,Ozon,Коньково,ЮЗАО,55.648415705610056,37.55251331757846,152
КОН-017,Ozon,Коньково,ЮЗАО,55.678874807031974,37.53396322946689,136
КОТ-001,Ozon,Котловка,ЮЗАО,55.66539897219588,37.594509571230574,102
КОТ-002,Ozon,Котловка,ЮЗАО,55.675416469180284,37.60149507197329,158
КОТ-003,Lamoda,Котловка,ЮЗАО,55.675565911890445,37.591796449705065,159
КОТ-004,Ozon,Котловка,ЮЗАО,55.6582314821074,37.596078543600704,125
КОТ-005,Ozon,Котловка,ЮЗАО,55.68842778186622,37.603243262881705,140
КОТ-006,Lamoda,Котловка,ЮЗАО,55.669420343668776,37.596701218175106,120
КОТ-007,Wildberries,Котловка,ЮЗАО,55.65487968907362,37.59506659084845,121
ЛОМ-001,Ozon,Ломоносовский,ЮЗАО,55.6832154843068,37.52627819161255,63
ЛОМ-002,Wildberries,Ломоносовский,ЮЗАО,55.686528960723166,37.55947631433097,147
ЛОМ-003,Ozon,Ломоносовский,ЮЗАО,55.67457118098463,37.54230529043011,126
ЛОМ-004,Wildberries,Ломоносовский,ЮЗАО,55.66635500049962,37.54000499490774,134
ЛОМ-005,Wildberries,Ломоносовский,ЮЗАО,55.667690969857794,37.53508379545022,25
ЛОМ-006,Ozon,Ломоносовский,ЮЗАО,55.69247778643339,37.53293269914148,84
ЛОМ-007,Ozon,Ломоносовский,ЮЗАО,55.676688242672604,37.5121151113262,127
ЛОМ-008,Ozon,Ломоносовский,ЮЗАО,55.683187855367436,37.523843462884386,121
ЛОМ-009,Ozon,Ломоносовский,ЮЗАО,55.68099681047655,37.54072204518895,111
ЛОМ-010,Wildberries,Ломоносовский,ЮЗАО,55.659633092295614,37.532219034588024,119
ОБР-001,Ozon,Обручевский,ЮЗАО,55.66694531831487,37.51803700222391,86
ОБР-002,Lamoda,Обручевский,ЮЗАО,55.66215309318372,37.52528626988035,185
ОБР-003,Wildberries,Обручевский,ЮЗАО,55.65856103120884,37.52650114061628,119
ОБР-004,Wildberries,Обручевский,ЮЗАО,55.64085168903179,37.51525763854581,82
ОБР-005,Lamoda,Обручевский,ЮЗАО,55.64989462904788,37.50882255260525,140
ОБР-006,Ozon,Обручевский,ЮЗАО,55.64859622367295,37.518264909687694,54
ОБР-007,Lamoda,Обручевский,ЮЗАО,55.66423055795635,37.53128690792982,95
ОБР-008,Wildberries,Обручевский,ЮЗАО,55.64125447208976,37.50641611966473,144
ОБР-009,Wildberries,Обручевский,ЮЗАО,55.65504253831246,37.54144110799721,137
ОБР-010,Wildberries,Обручевский,ЮЗАО,55.64089449190096,37.52090354461604,43
СЕВ-001,Ozon,Северное Бутово,ЮЗАО,55.57363415657756,37.5405276440821,122
СЕВ-002,Ozon,Северное Бутово,ЮЗАО,55.5892638990349,37.55543689366408,162
СЕВ-003,Ozon,Северное Бутово,ЮЗАО,55.57654688867473,37.56656941250289,85
СЕВ-004,Wildberries,Северное Бутово,ЮЗАО,55.58243399835042,37.558367617301975,138
СЕВ-005,Lamoda,Северное Бутово,ЮЗАО,55.587440997552484,37.534536994519875,169
СЕВ-006,Lamoda,Северное Бутово,ЮЗАО,55.579216769486486,37.538446618601824,138
СЕВ-007,Wildberries,Северное Бутово,ЮЗАО,55.57913294426834,37.550388478203594,187
СЕВ-008,Ozon,Северное Бутово,ЮЗАО,55.578489066654996,37.55456539880435,106
СЕВ-009,Ozon,Северное Бутово,ЮЗАО,55.57398387016841,37.54874161897218,154
СЕВ-010,Ozon,Северное Бутово,ЮЗАО,55.57747784819903,37.53482193688979,144
ТЁП-001,Wildberries,Тёплый Стан,ЮЗАО,55.6447547044736,37.50364159001057,90
ТЁП-002,Ozon,Тёплый Стан,ЮЗАО,55.624782080907565,37.483366813453024,147
ТЁП-003,Lamoda,Тёплый Стан,ЮЗАО,55.619148307728786,37.47031965073355,71
ТЁП-004,Wildberries,Тёплый Стан,ЮЗАО,55.66086673442788,37.502449498928,53
ТЁП-005,Lamoda,Тёплый Стан,ЮЗАО,55.64733680500417,37.467556400653656,109
ТЁП-006,Ozon,Тёплый Стан,ЮЗАО,55.64270520213122,37.47039085937134,141
ТЁП-007,Wildberries,Тёплый Стан,ЮЗАО,55.633426133890914,37.4997554812328,120
ТЁП-008,Lamoda,Тёплый Стан,ЮЗАО,55.64677215504527,37.49779702178104,165
ТЁП-009,Lamoda,Тёплый Стан,ЮЗАО,55.64907649752725,37.49489490268925,129
ТЁП-010,Wildberries,Тёплый Стан,ЮЗАО,55.63325288337083,37.471551580483286,86
ТЁП-011,Ozon,Тёплый Стан,ЮЗАО,55.63899742591523,37.50338975117605,118
ТЁП-012,Wildberries,Тёплый Стан,ЮЗАО,55.649051787877184,37.48332263842774,140
ТЁП-013,Ozon,Тёплый Стан,ЮЗАО,55.65196563072894,37.49373012005919,78
ТЁП-014,Ozon,Тёплый Стан,ЮЗАО,55.65587734594189,37.48392522758544,135
ТЁП-015,Wildberries,Тёплый Стан,ЮЗАО,55.62366052521002,37.49222849539056,71
ТЁП-016,Ozon,Тёплый Стан,ЮЗАО,55.64900867560993,37.490381075483704,109
ЧЕР-001,Ozon,Черёмушки,ЮЗАО,55.66955094202822,37.57728182232064,94
ЧЕР-002,Ozon,Черёмушки,ЮЗАО,55.665652781664726,37.550372759504796,87
ЧЕР-003,Ozon,Черёмушки,ЮЗАО,55.67401667977503,37.55351694038318,66
ЧЕР-004,Lamoda,Черёмушки,ЮЗАО,55.68813423839812,37.56715890238235,165
ЧЕР-005,Ozon,Черёмушки,ЮЗАО,55.67505500549415,37.553371353888345,152
ЧЕР-006,Ozon,Черёмушки,ЮЗАО,55.67975710944334,37.55962996021617,126
ЧЕР-007,Wildberries,Черёмушки,ЮЗАО,55.667551600201094,37.574254542317036,110
ЧЕР-008,Ozon,Черёмушки,ЮЗАО,55.68866580059353,37.58198743439634,93
ЧЕР-009,Ozon,Черёмушки,ЮЗАО,55.66048785374359,37.55518378427605,156
ЧЕР-010,Ozon,Черёмушки,ЮЗАО,55.680522270962925,37.56636733224912,112
ЧЕР-011,Ozon,Черёмушки,ЮЗАО,55.676374385743934,37.55948388187805,145
ЧЕР-012,Wildberries,Черёмушки,ЮЗАО,55.65432734248559,37.567361506197045,168
ЧЕР-013,Lamoda,Черёмушки,ЮЗАО,55.67800818149131,37.55511587814198,137
ЧЕР-014,Ozon,Черёмушки,ЮЗАО,55.678108495799826,37.578819451464256,132
ЧЕР-015,Ozon,Черёмушки,ЮЗАО,55.66885989631587,37.56209959004915,53
ЮЖН-001,Lamoda,Южное Бутово,ЮЗАО,55.528635592555176,37.51908475583948,73
ЮЖН-002,Ozon,Южное Бутово,ЮЗАО,55.551057499566795,37.51333524729492,117
ЮЖН-003,Wildberries,Южное Бутово,ЮЗАО,55.55079100272787,37.50011007258519,127
ЮЖН-004,Ozon,Южное Бутово,ЮЗАО,55.519838901781206,37.511798762031,167
ЮЖН-005,Wildberries,Южное Бутово,ЮЗАО,55.53178066416687,37.507874709049304,207
ЮЖН-006,Ozon,Южное Бутово,ЮЗАО,55.51954932745903,37.49109452919064,168
ЮЖН-007,Ozon,Южное Бутово,ЮЗАО,55.55541662486475,37.495719565498966,171
ЮЖН-008,Ozon,Южное Бутово,ЮЗАО,55.53607616103295,37.49262052003233,171
ЮЖН-009,Wildberries,Южное Бутово,ЮЗАО,55.52593603801391,37.52013519797752,93
ЮЖН-010,Ozon,Южное Бутово,ЮЗАО,55.520841623067845,37.4901611113853,150
ЮЖН-011,Wildberries,Южное Бутово,ЮЗАО,55.51798682863418,37.51657228191692,110
ЮЖН-012,Wildberries,Южное Бутово,ЮЗАО,55.518872031536816,37.50179274385253,156
ЮЖН-013,Wildberries,Южное Бутово,ЮЗАО,55.55066826584159,37.51294956530311,87
ЮЖН-014,Wildberries,Южное Бутово,ЮЗАО,55.5339725604011,37.52111632008994,161
ЮЖН-015,Wildberries,Южное Бутово,ЮЗАО,55.524875918723524,37.51033644774773,74
ЮЖН-016,Ozon,Южное Бутово,ЮЗАО,55.54243951192587,37.51524190297111,72
ЮЖН-017,Ozon,Южное Бутово,ЮЗАО,55.54638027113633,37.51131001760252,97
ЮЖН-018,Lamoda,Южное Бутово,ЮЗАО,55.50867526537954,37.52947098751972,106
ЮЖН-019,Lamoda,Южное Бутово,ЮЗАО,55.52702277900472,37.529548229420406,128
ЮЖН-020,Ozon,Южное Бутово,ЮЗАО,55.53503207498441,37.519873338520604,132
ЮЖН-021,Wildberries,Южное Бутово,ЮЗАО,55.549388174730225,37.501510601904435,120
ЮЖН-022,Lamoda,Южное Бутово,ЮЗАО,55.53123224747147,37.50724017397485,131
ЮЖН-023,Wildberries,Южное Бутово,ЮЗАО,55.507419528222094,37.512508473160665,81
ЮЖН-024,Ozon,Южное Бутово,ЮЗАО,55.52804543827962,37.51824844582982,138
ЯСЕ-001,Lamoda,Ясенево,ЮЗАО,55.60037024363518,37.577092666544075,83
ЯСЕ-002,Ozon,Ясенево,ЮЗАО,55.60845919531008,37.55436648217352,97
ЯСЕ-003,Wildberries,Ясенево,ЮЗАО,55.61834373617787,37.54803093201858,83
ЯСЕ-004,Wildberries,Ясенево,ЮЗАО,55.602149821181555,37.55854018180776,211
ЯСЕ-005,Wildberries,Ясенево,ЮЗАО,55.6253226214128,37.55238312172941,52
ЯСЕ-006,Ozon,Ясенево,ЮЗАО,55.632095961043305,37.543933336340814,95
ЯСЕ-007,Wildberries,Ясенево,ЮЗАО,55.60395789166391,37.53868918448769,118
ЯСЕ-008,Ozon,Ясенево,ЮЗАО,55.60781022381272,37.54403611698854,138
ЯСЕ-009,Ozon,Ясенево,ЮЗАО,55.61455958315534,37.560573760070014,115
ЯСЕ-010,Wildberries,Ясенево,ЮЗАО,55.62234785103691,37.561428783425,114
ЯСЕ-011,Ozon,Ясенево,ЮЗАО,55.60732096401327,37.543082212784334,146
ЯСЕ-012,Ozon,Ясенево,ЮЗАО,55.62216602803107,37.55678066148702,121
ЯСЕ-013,Lamoda,Ясенево,ЮЗАО,55.627923751902344,37.5643451453646,116
ЯСЕ-014,Wildberries,Ясенево,ЮЗАО,55.619443974950855,37.5609989236131,129
ЯСЕ-015,Ozon,Ясенево,ЮЗАО,55.60787342288707,37.56182661936245,219
ЯСЕ-016,Wildberries,Ясенево,ЮЗАО,55.61755438335517,37.54805594613014,102
ЯСЕ-017,Wildberries,Ясенево,ЮЗАО,55.60862679455734,37.54772144362191,64
ЯСЕ-018,Lamoda,Ясенево,ЮЗАО,55.59620164805463,37.56099206569285,217
ЯСЕ-019,Ozon,Ясенево,ЮЗАО,55.59670135157419,37.56421040527547,94
ЯСЕ-020,Wildberries,Ясенево,ЮЗАО,55.613318098196594,37.545828621033316,113
ЯСЕ-021,Wildberries,Ясенево,ЮЗАО,55.613973399201,37.54744971286878,113
ВНУ-001,Wildberries,Внуково,ЗАО,55.617140075251996,37.25612477185245,104
ВНУ-002,Ozon,Внуково,ЗАО,55.616012275419656,37.284649337854425,117
ДОР-001,Ozon,Дорогомилово,ЗАО,55.7446343955804,37.54448520462188,146
ДОР-002,Ozon,Дорогомилово,ЗАО,55.723153916589126,37.53839900080423,139
ДОР-003,Ozon,Дорогомилово,ЗАО,55.72804484822888,37.522477482582794,136
ДОР-004,Ozon,Дорогомилово,ЗАО,55.71665156420257,37.53785595325917,55
ДОР-005,Ozon,Дорогомилово,ЗАО,55.755500880003744,37.5552532035078,77
ДОР-006,Ozon,Дорогомилово,ЗАО,55.73979217380637,37.554729378425094,102
ДОР-007,Ozon,Дорогомилово,ЗАО,55.75786541023098,37.5288571854615,145
ДОР-008,Wildberries,Дорогомилово,ЗАО,55.737225910600316,37.5134394932342,83
ДОР-009,Lamoda,Дорогомилово,ЗАО,55.738681838836385,37.529525386407485,93
КРЫ-001,Wildberries,Крылатское,ЗАО,55.76861971314541,37.425696061767255,28
КРЫ-002,Ozon,Крылатское,ЗАО,55.766915510046466,37.41271470989817,134
КРЫ-003,Ozon,Крылатское,ЗАО,55.76134794078428,37.407578828937865,111
КРЫ-004,Ozon,Крылатское,ЗАО,55.759920156314564,37.405116972094845,117
КРЫ-005,Wildberries,Крылатское,ЗАО,55.78373056629869,37.410297368190875,153
КРЫ-006,Lamoda,Крылатское,ЗАО,55.76424130396031,37.41137243954079,108
КРЫ-007,Wildberries,Крылатское,ЗАО,55.77525723346712,37.416673187016784,128
КРЫ-008,Ozon,Крылатское,ЗАО,55.7533964742117,37.43962242918704,113
КРЫ-009,Ozon,Крылатское,ЗАО,55.78217954512727,37.417282769873914,140
КРЫ-010,Ozon,Крылатское,ЗАО,55.761182278053276,37.411866030819745,71
КУН-001,Ozon,Кунцево,ЗАО,55.76907201781161,37.11305007665149,38
КУН-002,Wildberries,Кунцево,ЗАО,55.77974050860278,37.12241448269125,91
КУН-003,Ozon,Кунцево,ЗАО,55.737962297906805,37.095772397636864,107
КУН-004,Lamoda,Кунцево,ЗАО,55.72440059297628,37.098228176384964,120
КУН-005,Ozon,Кунцево,ЗАО,55.75160419425924,37.097442067943724,144
КУН-006,Wildberries,Кунцево,ЗАО,55.76657927062873,37.09142898845889,81
КУН-007,Lamoda,Кунцево,ЗАО,55.76683725802345,37.11579860430482,139
КУН-008,Ozon,Кунцево,ЗАО,55.734549677556096,37.106136427692554,77
КУН-009,Ozon,Кунцево,ЗАО,55.751687446037316,37.09853995208637,131
КУН-010,Lamoda,Кунцево,ЗАО,55.750423055246884,37.10615389704387,169
КУН-011,Ozon,Кунцево,ЗАО,55.76169585372141,37.10295032727432,121
КУН-012,Wildberries,Кунцево,ЗАО,55.74190319609255,37.10887283719849,94
КУН-013,Wildberries,Кунцево,ЗАО,55.72990425112165,37.08394111048294,83
КУН-014,Ozon,Кунцево,ЗАО,55.72768447662132,37.095600613716385,182
КУН-015,Lamoda,Кунцево,ЗАО,55.75071901111546,37.11972589362943,143
КУН-016,Ozon,Кунцево,ЗАО,55.74409374284669,37.09259936063721,205
КУН-017,Ozon,Кунцево,ЗАО,55.734292376379045,37.099530877613326,67
МОЖ-001,Lamoda,Можайский,ЗАО,55.73225346399735,37.37559624815689,73
МОЖ-002,Wildberries,Можайский,ЗАО,55.700254784562084,37.3775088525107,97
МОЖ-003,Ozon,Можайский,ЗАО,55.70792616689813,37.385182236683896,108
МОЖ-004,Wildberries,Можайский,ЗАО,55.71117408635803,37.3814554027017,151
МОЖ-005,Ozon,Можайский,ЗАО,55.68612294435578,37.36409457109915,93
МОЖ-006,Ozon,Можайский,ЗАО,55.71224711049606,37.3855209537005,158
МОЖ-007,Wildberries,Можайский,ЗАО,55.70568788416683,37.39570199495277,136
МОЖ-008,Wildberries,Можайский,ЗАО,55.720949525591514,37.38268740818648,109
МОЖ-009,Ozon,Можайский,ЗАО,55.70555687290488,37.38974154309719,163
МОЖ-010,Ozon,Можайский,ЗАО,55.71887907666971,37.35766505720498,118
МОЖ-011,Ozon,Можайский,ЗАО,55.69446015671546,37.40991157004442,117
МОЖ-012,Ozon,Можайский,ЗАО,55.70349563454555,37.35727147272633,93
МОЖ-013,Wildberries,Можайский,ЗАО,55.69563674492515,37.37135873563504,165
МОЖ-014,Wildberries,Можайский,ЗАО,55.70938797485028,37.37584382958018,111
МОЖ-015,Wildberries,Можайский,ЗАО,55.691246811756,37.36877223972894,98
МОЖ-016,Wildberries,Можайский,ЗАО,55.68441962776183,37.383938069625685,128
НОВ-001,Lamoda,Ново-Переделкино,ЗАО,55.65375993150545,37.359085199159765,111
НОВ-002,Ozon,Ново-Переделкино,ЗАО,55.65950947467218,37.359261581350836,111
НОВ-003,Wildberries,Ново-Переделкино,ЗАО,55.633793677644405,37.34566163486505,98
НОВ-004,Ozon,Ново-Переделкино,ЗАО,55.65548581203022,37.369692182636314,88
НОВ-005,Wildberries,Ново-Переделкино,ЗАО,55.637797390755615,37.3516735821572,95
НОВ-006,Ozon,Ново-Переделкино,ЗАО,55.642061266343866,37.36747257317295,111
НОВ-007,Wildberries,Ново-Переделкино,ЗАО,55.63516706128183,37.35837110233201,151
НОВ-008,Wildberries,Ново-Переделкино,ЗАО,55.67707270442694,37.372490097638114,109
НОВ-009,Ozon,Ново-Переделкино,ЗАО,55.65584308506379,37.34527641804336,160
НОВ-010,Lamoda,Ново-Переделкино,ЗАО,55.653284231360274,37.36357609222172,180
НОВ-011,Lamoda,Ново-Переделкино,ЗАО,55.64885023997952,37.37343728368834,153
НОВ-012,Wildberries,Ново-Переделкино,ЗАО,55.65026896181388,37.35767721919973,132
НОВ-013,Wildberries,Ново-Переделкино,ЗАО,55.63169690913635,37.34468396794444,86
НОВ-014,Lamoda,Ново-Переделкино,ЗАО,55.65782325213505,37.35330549833257,126
ОЧА-001,Lamoda,Очаково-Матвеевское,ЗАО,55.701169266858116,37.4612828712582,140
ОЧА-002,Wildberries,Очаково-Матвеевское,ЗАО,55.70864892192972,37.480621953559044,119
ОЧА-003,Ozon,Очаково-Матвеевское,ЗАО,55.704623824620825,37.45534190460758,114
ОЧА-004,Wildberries,Очаково-Матвеевское,ЗАО,55.68938761172993,37.442684213616225,114
ОЧА-005,Ozon,Очаково-Матвеевское,ЗАО,55.69991470199485,37.45211161628434,122
ОЧА-006,Wildberries,Очаково-Матвеевское,ЗАО,55.705518432470456,37.45902501778084,101
ОЧА-007,Ozon,Очаково-Матвеевское,ЗАО,55.71121773686452,37.464625583355414,144
ОЧА-008,Wildberries,Очаково-Матвеевское,ЗАО,55.705527964389276,37.45717505004179,157
ОЧА-009,Wildberries,Очаково-Матвеевское,ЗАО,55.699168079948805,37.45641295609266,134
ОЧА-010,Lamoda,Очаково-Матвеевское,ЗАО,55.705811822532205,37.453107794026515,42
ОЧА-011,Ozon,Очаково-Матвеевское,ЗАО,55.70482115929899,37.45231226400338,169
ОЧА-012,Lamoda,Очаково-Матвеевское,ЗАО,55.696813502438715,37.422889429737424,103
ОЧА-013,Wildberries,Очаково-Матвеевское,ЗАО,55.700589247177156,37.467527907391066,150
ОЧА-014,Wildberries,Очаково-Матвеевское,ЗАО,55.70226161665069,37.466550055334544,119
ОЧА-015,Wildberries,Очаково-Матвеевское,ЗАО,55.68611398916335,37.44894000539051,146
ПРО-001,Ozon,Проспект Вернадского,ЗАО,55.669400600703845,37.47990877422189,139
ПРО-002,Wildberries,Проспект Вернадского,ЗАО,55.68518900810215,37.50394089599645,135
ПРО-003,Wildberries,Проспект Вернадского,ЗАО,55.68536415472785,37.49617961717484,92
ПРО-004,Ozon,Проспект Вернадского,ЗАО,55.67436471432996,37.503437384326695,35
ПРО-005,Wildberries,Проспект Вернадского,ЗАО,55.696210031821145,37.49448636216682,139
ПРО-006,Ozon,Проспект Вернадского,ЗАО,55.6708714640496,37.50069382438657,91
ПРО-007,Ozon,Проспект Вернадского,ЗАО,55.69210818460383,37.5058242490097,95
РАМ-001,Ozon,Раменки,ЗАО,55.6876896048731,37.510771859840304,85
РАМ-002,Wildberries,Раменки,ЗАО,55.704398925830205,37.500921239639204,155
РАМ-003,Ozon,Раменки,ЗАО,55.69287049689067,37.49025323026914,155
РАМ-004,Ozon,Раменки,ЗАО,55.699634025915174,37.50112439223721,83
РАМ-005,Ozon,Раменки,ЗАО,55.712031230971085,37.50440007555433,84
РАМ-006,Ozon,Раменки,ЗАО,55.69368339572346,37.54342874186965,129
РАМ-007,Wildberries,Раменки,ЗАО,55.71247709911604,37.47988775103521,123
РАМ-008,Wildberries,Раменки,ЗАО,55.69404237269028,37.48118057250694,106
РАМ-009,Ozon,Раменки,ЗАО,55.699949599258446,37.49191391172857,96
РАМ-010,Ozon,Раменки,ЗАО,55.69977113871124,37.51803853863798,156
РАМ-011,Ozon,Раменки,ЗАО,55.67945702698191,37.486044994874796,138
РАМ-012,Lamoda,Раменки,ЗАО,55.69272995984977,37.505629990396955,80
РАМ-013,Wildberries,Раменки,ЗАО,55.69430731132778,37.50802398849301,157
РАМ-014,Wildberries,Раменки,ЗАО,55.6963206432425,37.49302584800003,82
РАМ-015,Ozon,Раменки,ЗАО,55.700355991122365,37.506019669522246,46
РАМ-016,Ozon,Раменки,ЗАО,55.70989085472187,37.50293076561637,70
РАМ-017,Wildberries,Раменки,ЗАО,55.695089463314815,37.50659219255448,133
РАМ-018,Lamoda,Раменки,ЗАО,55.68670587992074,37.52744028486351,155
СОЛ-001,Ozon,Солнцево,ЗАО,55.631058363216454,37.412716591502,90
СОЛ-002,Ozon,Солнцево,ЗАО,55.62342549303522,37.372895922993344,131
СОЛ-003,Wildberries,Солнцево,ЗАО,55.61922816104523,37.40387354323648,194
СОЛ-004,Ozon,Солнцево,ЗАО,55.64001035727761,37.39749237288147,151
СОЛ-005,Ozon,Солнцево,ЗАО,55.63897574327489,37.39779636178981,130
СОЛ-006,Wildberries,Солнцево,ЗАО,55.64150125459666,37.395945206260286,168
СОЛ-007,Lamoda,Солнцево,ЗАО,55.64882709878203,37.41801553804139,106
СОЛ-008,Wildberries,Солнцево,ЗАО,55.64960835722322,37.43663854266769,78
СОЛ-009,Ozon,Солнцево,ЗАО,55.6481237458392,37.40215303783686,188
СОЛ-010,Wildberries,Солнцево,ЗАО,55.65395719412512,37.41133578525729,144
СОЛ-011,Ozon,Солнцево,ЗАО,55.65999127756385,37.412138128376895,140
СОЛ-012,Ozon,Солнцево,ЗАО,55.64581146802133,37.39644139969424,142
СОЛ-013,Ozon,Солнцево,ЗАО,55.63291587219656,37.38480312946318,93
ТРО-001,Wildberries,Тропарёво-Никулино,ЗАО,55.66577652996278,37.47198412551946,137
ТРО-002,Ozon,Тропарёво-Никулино,ЗАО,55.68368792202014,37.46618747007543,104
ТРО-003,Lamoda,Тропарёво-Никулино,ЗАО,55.6440618775715,37.45991358660333,154
ТРО-004,Wildberries,Тропарёво-Никулино,ЗАО,55.6795108903632,37.48753363879631,107
ТРО-005,Wildberries,Тропарёво-Никулино,ЗАО,55.679529045018214,37.46379852974348,150
ТРО-006,Wildberries,Тропарёво-Никулино,ЗАО,55.660368772480005,37.4598079624281,131
ТРО-007,Ozon,Тропарёво-Никулино,ЗАО,55.66389064481459,37.45414501008105,82
ТРО-008,Ozon,Тропарёво-Никулино,ЗАО,55.68822939696073,37.474124699991776,106
ТРО-009,Ozon,Тропарёво-Никулино,ЗАО,55.66322601637296,37.46486057739163,86
ТРО-010,Wildberries,Тропарёво-Никулино,ЗАО,55.63562950499005,37.47897431040335,103
ТРО-011,Ozon,Тропарёво-Никулино,ЗАО,55.68640778187341,37.4608304268936,96
ТРО-012,Wildberries,Тропарёво-Никулино,ЗАО,55.67106616862975,37.46409773061249,64
ТРО-013,Ozon,Тропарёво-Никулино,ЗАО,55.68147600627758,37.47029732146962,135
ФИЛ-001,Wildberries,Филёвский Парок,ЗАО,55.77623083339851,37.497141697715385,104
ФИЛ-002,Wildberries,Филёвский Парок,ЗАО,55.7474316756936,37.49226327187471,120
ФИЛ-003,Lamoda,Филёвский Парок,ЗАО,55.75921533617484,37.52450002907275,131
ФИЛ-004,Wildberries,Филёвский Парок,ЗАО,55.760015587321185,37.49985455993388,121
ФИЛ-005,Ozon,Филёвский Парок,ЗАО,55.75575586054791,37.498768654883335,141
ФИЛ-006,Ozon,Филёвский Парок,ЗАО,55.744727763972335,37.53568537743147,94
ФИЛ-007,Ozon,Филёвский Парок,ЗАО,55.7381520769895,37.50079762098062,87
ФИЛ-008,Ozon,Филёвский Парок,ЗАО,55.768640775989255,37.50506411482054,139
ФИЛ-009,Ozon,Филёвский Парок,ЗАО,55.77814274203795,37.4850974242687,173
ФИЛ-010,Ozon,Филёвский Парок,ЗАО,55.76302799290142,37.4891401826291,125
ФИЛ-001,Ozon,Фили-Давыдково,ЗАО,55.71857497546975,37.469281697416946,48
ФИЛ-002,Wildberries,Фили-Давыдково,ЗАО,55.71725321473309,37.466462559731944,100
ФИЛ-003,Ozon,Фили-Давыдково,ЗАО,55.70750142455215,37.44521805782428,134
ФИЛ-004,Wildberries,Фили-Давыдково,ЗАО,55.715830918715554,37.45850533002369,123
ФИЛ-005,Wildberries,Фили-Давыдково,ЗАО,55.70589973345143,37.46327178928792,149
ФИЛ-006,Ozon,Фили-Давыдково,ЗАО,55.712852103670365,37.4957364747109,132
ФИЛ-007,Ozon,Фили-Давыдково,ЗАО,55.71379009166918,37.465123704514326,43
ФИЛ-008,Ozon,Фили-Давыдково,ЗАО,55.723606217080764,37.470130172607405,115
ФИЛ-009,Ozon,Фили-Давыдково,ЗАО,55.699569979734726,37.46520158854732,80
ФИЛ-010,Ozon,Фили-Давыдково,ЗАО,55.728734366993926,37.445847852832344,67
ФИЛ-011,Wildberries,Фили-Давыдково,ЗАО,55.71255721806681,37.456387578029045,188
ФИЛ-012,Ozon,Фили-Давыдково,ЗАО,55.72392429648604,37.463975985135185,145
ФИЛ-013,Wildberries,Фили-Давыдково,ЗАО,55.71482638252719,37.47961218804387,62
ФИЛ-014,Ozon,Фили-Давыдково,ЗАО,55.72041517118837,37.487651495031336,82
АЭР-001,Lamoda,Аэропорт,САО,55.80381689646224,37.549757921574226,103
АЭР-002,Wildberries,Аэропорт,САО,55.78561416915349,37.54838431514556,103
АЭР-003,Ozon,Аэропорт,САО,55.81937839822384,37.5479782138129,164
АЭР-004,Wildberries,Аэропорт,САО,55.803750639795844,37.54830040975613,60
АЭР-005,Ozon,Аэропорт,САО,55.79919148110587,37.55792314058681,93
АЭР-006,Wildberries,Аэропорт,САО,55.79041109607118,37.56379810374437,130
АЭР-007,Wildberries,Аэропорт,САО,55.81711153415552,37.562842217513996,146
АЭР-008,Wildberries,Аэропорт,САО,55.792465174956064,37.53691946431908,145
АЭР-009,Wildberries,Аэропорт,САО,55.7841271751867,37.54670119139507,67
БЕГ-001,Wildberries,Беговой,САО,55.76174248170041,37.57224813411643,133
БЕГ-002,Ozon,Беговой,САО,55.791781431222226,37.56082723312595,148
БЕГ-003,Wildberries,Беговой,САО,55.77005728050408,37.569899914580716,44
БЕГ-004,Ozon,Беговой,САО,55.769363792242835,37.56711788885765,82
БЕГ-005,Wildberries,Беговой,САО,55.78183888083227,37.58270659519839,120
БЕС-001,Wildberries,Бескудниковский,САО,55.85102554602652,37.558176997289024,140
БЕС-002,Lamoda,Бескудниковский,САО,55.85969435090347,37.55008981534846,99
БЕС-003,Ozon,Бескудниковский,САО,55.87173666920447,37.55266285209942,158
БЕС-004,Wildberries,Бескудниковский,САО,55.878990471365405,37.55976532447625,119
БЕС-005,Ozon,Бескудниковский,САО,55.89627639589549,37.54349924642366,130
БЕС-006,Wildberries,Бескудниковский,САО,55.88858383177417,37.56394526617815,96
БЕС-007,Wildberries,Бескудниковский,САО,55.87024873144604,37.54710385308886,146
БЕС-008,Wildberries,Бескудниковский,САО,55.869744767357346,37.55280031369765,135
БЕС-009,Wildberries,Бескудниковский,САО,55.86786550278702,37.54561115924071,179
ВОЙ-001,Wildberries,Войковский,САО,55.83290973572542,37.49602059405941,181
ВОЙ-002,Ozon,Войковский,САО,55.81895494195774,37.48822566620789,131
ВОЙ-003,Wildberries,Войковский,САО,55.82203575916177,37.47403509309278,128
ВОЙ-004,Wildberries,Войковский,САО,55.80992142017168,37.51289079580272,74
ВОЙ-005,Ozon,Войковский,САО,55.81936561121101,37.51908233950177,146
ВОЙ-006,Wildberries,Войковский,САО,55.81677311047234,37.50712978542972,110
ВОЙ-007,Ozon,Войковский,САО,55.84304496744013,37.49087921648659,123
ВОЙ-008,Ozon,Войковский,САО,55.83748751095949,37.49794813095678,109
ВОЙ-009,Ozon,Войковский,САО,55.81510316118688,37.50368379368592,115
ВОС-001,Ozon,Восточное Дегунино,САО,55.85985492324991,37.55721562464136,126
ВОС-002,Ozon,Восточное Дегунино,САО,55.89128052592579,37.57095282988751,130
ВОС-003,Ozon,Восточное Дегунино,САО,55.85611605720334,37.55995707289488,132
ВОС-004,Ozon,Восточное Дегунино,САО,55.87771137506047,37.5467707983427,144
ВОС-005,Ozon,Восточное Дегунино,САО,55.8773708013722,37.53781621448737,86
ВОС-006,Wildberries,Восточное Дегунино,САО,55.87435718428081,37.52772175685584,163
ВОС-007,Lamoda,Восточное Дегунино,САО,55.86427390459066,37.57198925543895,96
ВОС-008,Wildberries,Восточное Дегунино,САО,55.87840303237083,37.58142224977906,176
ВОС-009,Wildberries,Восточное Дегунино,САО,55.87965142846486,37.569547775453174,76
ГОЛ-001,Lamoda,Головинский,САО,55.84594480665797,37.51207064885768,94
ГОЛ-002,Ozon,Головинский,САО,55.84689575134,37.51035536873723,124
ГОЛ-003,Ozon,Головинский,САО,55.85177206341175,37.51204670423945,135
ГОЛ-004,Wildberries,Головинский,САО,55.86933130317445,37.50807734636132,135
ГОЛ-005,Lamoda,Головинский,САО,55.853976478867644,37.49356465577089,34
ГОЛ-006,Wildberries,Головинский,САО,55.85875670918186,37.50010371283484,148
ГОЛ-007,Ozon,Головинский,САО,55.86508215571443,37.50079826832641,136
ГОЛ-008,Lamoda,Головинский,САО,55.86764458534286,37.48386122113585,103
ГОЛ-009,Ozon,Головинский,САО,55.86817612062863,37.507221726963564,109
ГОЛ-010,Ozon,Головинский,САО,55.85398806445202,37.51342628923595,150
ГОЛ-011,Lamoda,Головинский,САО,55.853589050617416,37.5185071959608,186
ДМИ-001,Wildberries,Дмитровский,САО,55.88613072579451,37.53587251275609,115
ДМИ-002,Ozon,Дмитровский,САО,55.87408511273259,37.54474844042766,80
ДМИ-003,Wildberries,Дмитровский,САО,55.88795074703718,37.55307559662843,105
ДМИ-004,Ozon,Дмитровский,САО,55.88016982489896,37.54909052008111,21
ДМИ-005,Lamoda,Дмитровский,САО,55.91955509241688,37.53627433895167,81
ДМИ-006,Ozon,Дмитровский,САО,55.887589082699776,37.539337257020634,184
ДМИ-007,Wildberries,Дмитровский,САО,55.8803021682708,37.538628767374945,95
ДМИ-008,Ozon,Дмитровский,САО,55.86566072144348,37.510402213335766,88
ДМИ-009,Ozon,Дмитровский,САО,55.890538466235455,37.51479093215988,20
ДМИ-010,Lamoda,Дмитровский,САО,55.8811173121343,37.52191836021531,173
ЗАП-001,Ozon,Западное Дегунино,САО,55.88671395110384,37.51859816925839,118
ЗАП-002,Lamoda,Западное Дегунино,САО,55.875437477726486,37.50964480693179,125
ЗАП-003,Wildberries,Западное Дегунино,САО,55.864807334347155,37.530728692530964,134
ЗАП-004,Wildberries,Западное Дегунино,САО,55.87788878610988,37.51782009019653,89
ЗАП-005,Ozon,Западное Дегунино,САО,55.86869072848776,37.50748675442711,63
ЗАП-006,Ozon,Западное Дегунино,САО,55.88294651746046,37.51049004821401,208
ЗАП-007,Lamoda,Западное Дегунино,САО,55.89179483113738,37.528368876599444,184
ЗАП-008,Ozon,Западное Дегунино,САО,55.84541402091755,37.51347245315432,139
ЗАП-009,Ozon,Западное Дегунино,САО,55.879448540877064,37.53467688048659,133
ЗАП-010,Ozon,Западное Дегунино,САО,55.86486811664322,37.50568123618396,176
ЗАП-011,Wildberries,Западное Дегунино,САО,55.8686641193441,37.51136922653199,97
КОП-001,Wildberries,Коптево,САО,55.811051615087166,37.522291407381935,99
КОП-002,Ozon,Коптево,САО,55.83257357975301,37.527815272074726,93
КОП-003,Wildberries,Коптево,САО,55.83338867315739,37.53322580879034,116
КОП-004,Ozon,Коптево,САО,55.82915253162071,37.534145625336,102
КОП-005,Wildberries,Коптево,САО,55.832276967770035,37.53333534867155,140
КОП-006,Ozon,Коптево,САО,55.82487361632235,37.51495050489645,139
КОП-007,Wildberries,Коптево,САО,55.82232587082368,37.53794455018409,89
КОП-008,Wildberries,Коптево,САО,55.84869376246191,37.5350544431666,107
КОП-009,Ozon,Коптево,САО,55.830914166848096,37.49168409353406,88
КОП-010,Lamoda,Коптево,САО,55.8247773221951,37.52759669069176,159
КОП-011,Ozon,Коптево,САО,55.81636480236033,37.528529679815925,108
ЛЕВ-001,Ozon,Левобережный,САО,55.86410449453685,37.49362510035938,41
ЛЕВ-002,Wildberries,Левобережный,САО,55.867561510858906,37.457349336851856,151
ЛЕВ-003,Wildberries,Левобережный,САО,55.86703272374483,37.46347496169513,116
ЛЕВ-004,Wildberries,Левобережный,САО,55.866665302829176,37.46446705754105,128
ЛЕВ-005,Wildberries,Левобережный,САО,55.852842657395506,37.45411507996845,58
ЛЕВ-006,Ozon,Левобережный,САО,55.87060965868498,37.47278625695044,69
ЛЕВ-007,Wildberries,Левобережный,САО,55.86029956826894,37.46874151644458,149
МОЛ-001,Wildberries,Молжаниновский,САО,55.94689751129517,37.41752223444747,130
МОЛ-002,Wildberries,Молжаниновский,САО,55.95921552774226,37.38764867797982,85
САВ-001,Wildberries,Савёловский,САО,55.77982267590023,37.59981050148412,127
САВ-002,Lamoda,Савёловский,САО,55.819863356419376,37.57651392685961,142
САВ-003,Ozon,Савёловский,САО,55.80638006973192,37.57039970998745,74
САВ-004,Wildberries,Савёловский,САО,55.79817878800748,37.57641938778725,162
САВ-005,Ozon,Савёловский,САО,55.80155798728799,37.58141563965396,65
САВ-006,Wildberries,Савёловский,САО,55.797942932194985,37.60437439998424,140
СОК-001,Ozon,Сокол,САО,55.81123851338635,37.50952686703368,159
СОК-002,Ozon,Сокол,САО,55.8066444202446,37.520835510385155,104
СОК-003,Ozon,Сокол,САО,55.80274502424348,37.51719354498754,119
СОК-004,Wildberries,Сокол,САО,55.79689864799909,37.49474068636326,189
СОК-005,Wildberries,Сокол,САО,55.795620565265686,37.50989178897595,122
СОК-006,Wildberries,Сокол,САО,55.80223266350691,37.51020428205168,126
СОК-007,Ozon,Сокол,САО,55.825012385954395,37.508913969066406,140
ТИМ-001,Lamoda,Тимирязевский,САО,55.82311226836498,37.548841956104134,171
ТИМ-002,Wildberries,Тимирязевский,САО,55.837861231343254,37.5491047010679,104
ТИМ-003,Wildberries,Тимирязевский,САО,55.84417041302192,37.53423151459162,73
ТИМ-004,Ozon,Тимирязевский,САО,55.81571424606283,37.54717054588567,63
ТИМ-005,Lamoda,Тимирязевский,САО,55.80458769772877,37.544693881814766,162
ТИМ-006,Ozon,Тимирязевский,САО,55.831013883566044,37.544876403824624,66
ТИМ-007,Ozon,Тимирязевский,САО,55.82824575357722,37.5673278678567,151
ТИМ-008,Ozon,Тимирязевский,САО,55.819913589131154,37.557204344488824,108
ТИМ-009,Ozon,Тимирязевский,САО,55.853209806263486,37.53576574365593,111
ХОВ-001,Ozon,Ховрино,САО,55.85725309756348,37.48399966105947,112
ХОВ-002,Ozon,Ховрино,САО,55.87212149939073,37.49834357042044,137
ХОВ-003,Ozon,Ховрино,САО,55.86601619615612,37.47955484015545,108
ХОВ-004,Ozon,Ховрино,САО,55.866126411197826,37.47609780411843,126
ХОВ-005,Ozon,Ховрино,САО,55.85058994195649,37.47785464539889,104
ХОВ-006,Wildberries,Ховрино,САО,55.87191884504288,37.49662406696925,81
ХОВ-007,Wildberries,Ховрино,САО,55.86824207994927,37.48280828320562,110
ХОВ-008,Ozon,Ховрино,САО,55.860792794492255,37.4930608380995,175
ХОВ-009,Ozon,Ховрино,САО,55.8791301203833,37.49706056383797,68
ХОР-001,Wildberries,Хорошёвский,САО,55.77249684940316,37.529141980996805,116
ХОР-002,Wildberries,Хорошёвский,САО,55.797561901000456,37.5430981010647,104
ХОР-003,Wildberries,Хорошёвский,САО,55.78334707490501,37.53970924232434,126
ХОР-004,Wildberries,Хорошёвский,САО,55.797387158554315,37.548820731019,86
ХОР-005,Ozon,Хорошёвский,САО,55.78136186471686,37.53009511451187,137
ХОР-006,Wildberries,Хорошёвский,САО,55.76944030648334,37.55376180050916,123
ХОР-007,Ozon,Хорошёвский,САО,55.78188388569986,37.54277447747108,154
ХОР-008,Ozon,Хорошёвский,САО,55.79243525920936,37.54164570384124,73
ХОР-009,Lamoda,Хорошёвский,САО,55.795970718441794,37.55375181014058,131
